SKLL_IX_IRDNT_RAWMTRL,LAST_UPDT_DTM,INTK_UNIT,IFTKN_ATNT_MATR_CN,DAY_INTK_HIGHLIMIT,PRDCT_NM,CRET_DTM,DAY_INTK_LOWLIMIT,PRIMARY_FNCLTY,INTK_MEMO
아라비아검(아카시아검)식이섬유,20200820,g,반드시 충분한 물과 함께 섭취할 것 (액상제외),20.01,아라비아검(아카시아검),20080922,19.99,배변활동 원활에 도움을 줄 수 있음,
,20080626,mg,,7,베타카로틴,20080626,0.42,①어두운 곳에서 시각 적응을 위해 필요②피부와 점막을 형성하고 기능을 유지하는데 필요③상피세포의 성장과 발달에 필요,식품원료를 사용하여 제조가공한 경우는 1.26mg 이상(상한섭취량 없음)
,20080626,mg,,0.9,비오틴,20080626,0.009,"①지방, 탄수화물, 단백질 대사와 에너지 생성에 필요",
공액리놀레산,20200820,g,"위장장애가 발생할 수 있음
영·유아, 임산부는 섭취를 삼가야 함
식사조절, 운동을 병행하는 것이 체지방 감소에 효과적임",4.2,공액리놀레산,20100112,1.4,①과체중인 성인의 체지방 감소에 도움을 줄 수 있음,
총(-)-Hydroxycitric acid,20200820,mg,"(가) 어린이, 임산부 및 수유부는 섭취를 피할 것
(나) 간·신장·심장질환, 알레르기 및 천식이 있거나 의약품 복용 시 전문가와 상담할 것
(다) 이상사례 발생 시 섭취를 중단하고 전문가와 상담할 것",2800,가르시니아캄보지아 추출물,20100224,750,탄수화물이 지방으로 합성되는 것을 억제하여 체지방 감소에 도움을 줄 수 있음,
대두이소플라본 비배당체,20200820,mg,"영유아, 어린이, 임산부와 수유부는 섭취에 주의
대두에 알레르기를 나타내는 사람은 섭취에 주의
에스트로겐 호르몬에 민감한 사람은 섭취에 주의",27,대두이소플라본,20110107,24,①뼈 건강에 도움을 줄 수 있음,
스쿠알렌,20200529,g,,10.01,스쿠알렌,20080626,9.99,①항산화에 도움을 줄 수 있음,최종제품 중 비타민 A 및 D의 함량이 제 3. 1. 1-1 비타민 A 및 1-3 비타민 D 일일섭취량의 최대함량을 넘지 않도록 하여야 함(비타민 A 및 D의 함량이 반드시 표시되어야 함)
플라보놀 배당체(flavonol glycoside),20200820,mg,"임산부, 수유부, 어린이 및 수술전후 환자는 섭취에 주의
의약품(항응고제) 복용 시 섭취에 주의",36,은행잎 추출물,20130102,28,-기억력 개선·혈행 개선에 도움을 줄 수 있음,
실리마린,20200820,mg,"알레르기 반응이 나타나는 경우에는 섭취 중단
설사, 위통, 복부팽만 등의 위장관계 장애가 나타나는 경우에는 섭취에 주의",130.01,밀크씨슬(카르두스 마리아누스) 추출물,20130102,129.99,① 간 건강에 도움을 줄 수 있음,
,20080626,mg α-TE,,400,비타민 E,20080626,3.3,①유해산소로부터 세포를 보호하는데 필요,
,20080626,mg,,1,비타민 K,20080626,0.021,①정상적인 혈액응고에 필요②뼈의 구성에 필요,
,20080626,mg,,100,비타민 B1,20080626,0.36,①탄수화물과 에너지 대사에 필요,
,20080626,mg,,40,비타민 B2,20080626,0.42,①체내 에너지 생성에 필요,
,20200820,mg,,670,나이아신,20080626,4.5,①체내 에너지 생성에 필요,"니코틴산 4.5～23 mg, 니코틴산아미드 4.5～670 mg"
,20080626,mg,,200,판토텐산,20080626,1.5,"①지방, 탄수화물, 단백질 대사와 에너지 생성에 필요",
,20080626,mg,,67,비타민 B6,20080626,0.45,①단백질 및 아미노산 이용에 필요②혈액의 호모시스테인 수준을 정상으로 유지하는데 필요,
,20080626,mg,,0.4,엽산,20080626,0.12,①세포와 혈액생성에 필요②태아 신경관의 정상 발달에 필요③혈액의 호모시스테인 수준을 정상으로 유지하는데 필요,
,20080626,mg,,2,비타민 B12,20080626,0.00072,①정상적인 엽산 대사에 필요,
,20080626,mg,,1000,비타민 C,20080626,30,①결합조직 형성과 기능유지에 필요②철의 흡수에 필요③유해산소로부터 세포를 보호하는데 필요,
,20080626,mg,,800,칼슘,20080626,210,①뼈와 치아 형성에 필요②신경과 근육 기능 유지에 필요③정상적인 혈액응고에 필요④골다공증발생 위험 감소에 도움을 줌,
,20080626,mg,,250,마그네슘,20080626,94.5,①에너지 이용에 필요②신경과 근육 기능 유지에 필요,
,20080626,mg,특히 6세 이하는 과량섭취하지 않도록 주의,15,철,20080626,3.6,①체내 산소운반과 혈액생성에 필요②에너지 생성에 필요,
식이섬유,20200521,g,반드시 충분한 물과 함께 섭취할 것 (액상제외),999999999,차전자피식이섬유,20080626,3.9,①혈중 콜레스테롤 개선·배변활동 원활에 도움을 줄 수 있음,"혈중 콜레스테롤 개선에 도움을 줄 수 있음 : 차전자피 식이섬유로서 5.5 g 이상, 배변활동 원활에 도움을 줄 수 있음 : 차전자피 식이섬유로서 3.9 g 이상"
총 다당체,20200820,mg,,420,알로에 겔,20080626,100,-피부건강·장 건강·면역력 증진에 도움을 줄 수 있음,
베타글루칸,20200521,mg,,42,영지버섯 자실체 추출물,20080626,24,혈행 개선에 도움을 줄 수 있음,
프락토올리고당,20200818,g,"(가) 섭취 시 가스참, 트림, 복통, 복부팽만감 등이 발생할 수 있음
(나) 이상사례 발생 시 섭취를 중단하고 전문가와 상담할 것",8,프락토올리고당,20080626,3,장내 유익균 증식 및 배변활동 원활에 도움을 줄 수 있음,
조단백질,20170221,g,대두단백에 알레르기를 나타내는 경우에는 섭취 주의,15.01,대두단백,20080626,14.99,①혈중 콜레스테롤 개선에 도움을 줄 수 있음,
총엽록소,20170221,mg,,150,엽록소 함유 식물,20080922,8,①피부건강·항산화에 도움을 줄 수 있음,
총엽록소,20170221,mg,,150,스피루리나,20080922,8,①피부건강·항산화·혈중 콜레스테롤 개선에 도움을 줄 수 있음,"피부건강·항산화에 도움을 줄 수 있음 : 총 엽록소로서 8～150 mg, 혈중 콜레스테롤 개선에 도움을 줄 수 있음 : 총 엽록소로서 40～150 mg"
총엽록소,20170221,mg,,150,클로렐라,20080922,8,①피부건강·항산화·면역력 증진·혈중 콜레스테롤 개선에 도움을 줄 수 있음,"피부건강·항산화에 도움을 줄 수 있음 : 총 엽록소로서 8〜150 mg, 면역력 증진·혈중 콜레스테롤 개선에 도움을 줄 수 있음 : 총 엽록소로서 125〜150 mg"
글루코만난식이섬유,20200820,g,반드시 충분한 물과 함께 섭취할 것 (액상제외),17,"글루코만난(곤약, 곤약만난)",20080922,2.7,혈중 콜레스테롤 개선·배변활동 원활에 도움을 줄 수 있음,
알리인(Alliin),20200820,g,,1,마늘,20151027,0.6,혈중 콜레스테롤 개선에 도움을 줄 수 있음,
로사빈(Rosavin),20200820,mg,,600,홍경천 추출물,20160105,200,스트레스로 인한 피로 개선에 도움을 줄 수 있음,
루테인(Lutein),20200820,mg,과다 섭취 시 일시적으로 피부가 황색으로 변할 수 있음,20,마리골드꽃추출물,20180305,10,노화로 인해 감소될 수 있는 황반색소밀도를 유지하여 눈 건강에 도움을 줄 수 있음,
소포리코사이드(Sophoricoside),20200820,mg,"(가) 어린이, 임산부, 수유부는 섭취에 주의
(나) 에스트로겐 호르몬에 민감한 사람은 섭취에 주의",350,회화나무열매추출물,20190305,349.99,갱년기 여성의 건강에 도움을 줄 수 있음,
Panduratin A,20210205,mg/일,,600,핑거루트추출분말(제2012-36호),20191226,600,"(1) 자외선에 의한 피부손상으로부터 피부 건강을 유지하는데 도움을 줄 수 있음(생리활성기능 2등급)
(2) 체지방 감소에 도움을 줄 수 있음(생리활성기능 2등급)",
Fustin,20201029,g,,1,옻나무 추출분말(제2014-64호),20191226,1,갱년기 남성의 건강에 도움을 줄 수 있음(생리활성기능 2등급),
중쇄지방산(MCFA) 함유유지(기능성원료인정제2014-6호),20191226,mg/g,,0,중쇄지방산(MCFA)함유 유지(제2014-6호),20191226,0,이 제품은 중쇄지방산을 함유하고 있어 다른 식용유와 비교하였을 때 체지방 증가가 적을 수 있음 (생리활성기능 2등급),
Gallic acid,20201029,g/일,"-카페인이 함유되어 있어 초조감, 불면 등을 나타낼 수 있음
-임산부, 수유여성, 어린이, 질병치료 중인 환자는 섭취에 주의",1,보이차추출물(제2014-7호),20191226,1,"체지방 감소에 도움을 줄 수 있음, 혈중 콜레스테롤 개선에 도움을 줄 수 있음(생리활성기능 2등급)",보이차추출물(제2014-7호)
글루코실 세라마이드 (Glucosylceramide),20201029,mg,"-영·유아, 임산부와 수유부는 섭취에 주의
-알레르기 체질이거나 특정질환이 있는 분은 섭취 전 의사와 상담",60,옥수수배아추출물(제2014-8호),20191226,40,피부보습에 도움을 줄 수 있음(생리활성기능2등급),
Oleuropein,20210218,mg/일,"(1) 위, 간 및 신장 질환이 있거나 고혈압치료제 등 복용시 전문가와 상의할 것
(2) 이상사례 발생 시 섭취를 중단하고 전문가와 상담할 것",1000,올리브잎주정추출물(제2014-9호),20191226,500,"(국문) 혈압 조절에 도움을 줄 수 있음
(영문) May help to maintain healthy blood pressure",
디엑콜(Dieckol),20201029,mg,"-요오드 함량이 높은 식품(해조류, 어패류 등) 섭취 시 주의
-갑상선질환, 위장관 질환 또는 위장관 장애 등을 보유하고 있는 사람은 섭취 시 주의
-임산부, 수유부 및 12세 이하 어린이는 섭취 시 주의",500,감태추출물(제2015-6호),20191226,500,수면의 질 개선에 도움을 줄 수 있음(생리활성기능 2등급),
프로바이오틱스 수,20201029,CFU,"-질환이 있거나 의약품 복용 시 전문가와 상담할 것
-특정 질환(알레르기 체질 등)이 있는 분은 섭취에 주의
-영·유아, 어린이, 임산부 및 수유부는 섭취에 주의
-이상사례 발생 시 섭취를 중단하고 전문가와 상담할 것",10000000000,L. plantarum IM76과 B.longum IM55 복합물(NVP1703)(제2019-28호),20191226,10000000000,"(국문) 면역과민반응에 의한 코상태 개선에 도움을 줄 수 있음
(영문) May help to improve nasal condition caused by hypersensitivity reaction",
Hamabiwalactone B,20201029,mg,,200,까마귀쪽나무 열매 주정추출물(제2015-22호),20191226,200,관절건강에 도움을 줄 수 있음(생리활성기능 2등급),
Hamabiwalactone B,20201029,mg,,200,까마귀쪽나무 열매 주정추출물(제2015-23호),20191226,200,관절건강에 도움을 줄 수 있음(생리활성기능 2등급),
Ellagic acid,20201029,g,"-임산부와 수유부는 섭취를 피하는 것이 좋습니다
-항혈전제를 복용하시는 분은 의사와 상의하시기 바랍니다
-에스트로겐 호르몬에 민감한 사람은 섭취에 주의하시기 바랍니다",1.5,석류추출물(제2015-28호),20191226,1.5,"(국문) 갱년기 여성의 건강에 도움을 줄 수 있음
(영문) May help to menopausal womens health",
총 폴리페놀(갈릭산으로서),20201029,mg,,300,포도씨 효소분해 추출 분말(제2013-9호),20191226,150,혈압이 높은 사람에게 도움을 줄 수 있음(생리활성기능 2등급),
이눌린/치커리추출물 식이섬유,20200820,g,반드시 충분한 물과 함께 섭취할 것 (액상제외),20,이눌린/치커리추출물,20080922,6.4,"①혈중 콜레스테롤 개선, 식후 혈당상승 억제·배변활동 원활에 도움을 줄 수 있음","혈중 콜레스테롤 개선·식후 혈당상승 억제에 도움을 줄 수 있음 : 이눌린/치커리추출물 식이섬유로서 7.2～20 g, 배변활동 원활에 도움을 줄 수 있음 : 이눌린/치커리추출물식이섬유로서 6.4～20 g"
,20200820,μg RE,,1000,비타민 A,20080626,210,①어두운 곳에서 시각 적응을 위해 필요②피부와 점막을 형성하고 기능을 유지하는데 필요③상피세포의 성장과 발달에 필요,
,20200820,mg,"(가) 고칼슘혈증이 있거나 의약품 복용 시 전문가와 상담할 것
(나) 이상사례 발생 시 섭취를 중단하고 전문가와 상담할 것",0.01,비타민 D,20080626,0.003,①칼슘과 인이 흡수되고 이용되는데 필요②뼈의 형성과 유지에 필요③골다공증발생 위험 감소에 도움을 줌,일일섭취량 : 3～10 μg(120∼400 IU)
생균,20200820,CFU,"(가) 질환이 있거나 의약품 복용 시 전문가와 상담할 것
(나) 알레르기 체질 등은 개인에 따라 과민반응을 나타낼 수 있음
(다) 어린이가 함부로 섭취하지 않도록 일일섭취량 방법을 지도할 것
(라) 이상사례 발생 시 섭취를 중단하고 전문가와 상담할 것",10000000000,프로바이오틱스,20080626,100000000,유산균 증식 및 유해균 억제·배변활동 원활에 도움을 줄 수 있음,
총 폴리페놀,20170221,mg,,120.01,구아바잎 추출물,20121228,119.99,ⓛ 식후 혈당상승 억제에 도움을 줄 수 있음,
총 모나콜린 K,20080626,mg,,8,홍국,20080626,4,①혈중 콜레스테롤 개선에 도움을 줄 수 있음,
PGG(Penta-O-galloyl beta-D-glucose),20200521,mg,,8.4,달맞이꽃종자 추출물,20130102,4,①식후 혈당상승 억제에 도움을 줄 수 있음,
포스파티딜세린,20200820,mg,"임산부와 수유부는 섭취에 주의
과잉섭취 시 위장장애나 불면증을 유발할 수 있음",300.01,포스파티딜세린,20130102,299.99,① 노화로 인해 저하된 인지력 개선·자외선에 의한 피부 손상으로부터 피부 건강 유지·피부보습에 도움을 줄 수 있음,
L-테아닌,20200820,mg,"카페인 함유음료(커피, 홍차, 녹차 등)와의 병용 섭취에 주의
임산부, 수유부, 어린이 및 수술전후 환자는 섭취에 주의",250,테아닌,20130102,200,① 스트레스로 인한 긴장완화에 도움을 줄 수 있음,
엠에스엠(MSM),20200820,g,,2,"엠에스엠(MSM, Methyl sulfonylmethane, 디메틸설폰)",20130102,1.5,① 관절 및 연골건강에 도움을 줄 수 있음,
구아검/구아검가수분해물식이섬유,20200820,g,반드시 충분한 물과 함께 섭취할 것 (액상제외),27,구아검/구아검가수분해물,20080922,4.6,①혈중 콜레스테롤 개선·식후 혈당상승 억제·장내 유익균 증식·배변활동 원활에 도움을 줄 수 있음,"혈중 콜레스테롤 개선·식후 혈당상승 억제·배변활동 원활에 도움을 줄 수 있음 : 구아검/구아검가수분해물 식이섬유로서 9.9～27 g,  장내 유익균 증식에 도움을 줄 수 있음 : 구아검/구아검가수분해물 식이섬유로서 4.6～27 g"
보리식이섬유,20200820,g,반드시 충분한 물과 함께 섭취할 것 (액상제외),25,보리식이섬유,20080922,20,①배변활동 원활에 도움을 줄 수 있음,
호로파종자식이섬유,20200820,g,반드시 충분한 물과 함께 섭취할 것 (액상제외),50,호로파종자식이섬유,20080922,12,식후 혈당상승 억제에 도움을 줄 수 있음,
키토산 또는 키토올리고당,20201027,g,게 또는 새우에 알레르기가 있는 사람은 섭취에 주의(게 또는 새우를 원재료로 사용한 경우에 한함),4.5,키토산/키토올리고당,20080922,1.2,①혈중 콜레스테롤 개선·체지방 감소에 도움을 줄 수 있음,"혈중 콜레스테롤 개선에 도움을 줄 수 있음 : 키토산 또는 키토올리고당으로서 1.2～4.5 g, 체지방 감소에 도움을 줄 수 있음 : 키토산으로서 3.0∼4.5 g, 키토올리고당으로서 3 g"
복분자추출물(기능성원료인정제2006-24호),20191226,mg,,0,복분자추출물(제2006-24호),20191226,0,항산화능 증진에 도움을 줄 수 있으나 인체시험에서의 확인이 필요합니다.(기타기능III),
포도종자추출물(기능성원료인정제2008-42호),20191226,mg,"① 위장장애가 발생할 수 있다.② 영유아, 임산부는 섭취를 삼가 해야 한다.③ 식사조절, 운동을 병행하는 것이 체지방 감소에 효과적이다.",200,포도종자추출물(제2008-42호),20191226,0,인체의 항산화능 증진에 도움을 줄 수 있습니다.(기타기능 II),
커피만노올리고당분말(기능성원료인정제2009-15호),20191226,mg,"① 어린이, 임산부, 수유기 여성은 섭취에 주의하십시오.② 과량 섭취 시 복부팽만감을 느낄 수 있습니다.",1000.1,커피만노올리고당분말(제2009-15호),20191226,999.9,"장내 유익균 증식, 유해균 억제, 배변활동에 도움을 줄 수 있음 (기타기능 II)",
"Ellagic acid 함량(mg/g), EGCG 함량(mg/g), Gallic acid 함량(mg/g)",20210526,mg/일,,800,구아바잎추출물 등 복합물(BENDU381)(제2009-16호),20191226,800,"과민반응에 의한 코 상태(코 가려움, 재채기, 콧물) 개선에 도움을 줄 수 있음(기타기능 II)",
Gallic acid,20201029,g,"-카페인이 함유되어 있어 초조감, 불면 등을 나타낼 수 있음
-임산부, 수유 여성, 어린이, 알레르기성 질환보유자, 질병치료 중인 환자는 섭취에 주의",1,보이차 추출물(제2009-17호),20191226,1,혈중 콜레스테롤 개선에 도움을 줄 수 있습니다.(기타기능 II),
수용성식이섬유,20201029,g,"-어린이, 임산부 및 수유여성은 섭취에 주의",4.3,Nopal 추출물(제2009-39호),20191226,4.3,식후 혈당조절에 도움을 줄 수 있습니다(기타기능II),
표고버섯균사체(추출물)(기능성원료인정제2009-3호),20191226,mg,,1800.1,표고버섯균사체추출물(제2009-3호),20191226,1799.9,간건강에 도움을 줄 수 있습니다.,
락추로스(Lactulose),20201029,mg,과량 섭취 시 위장관계 계통의 이상반응 및 전해질 이상 등이 나타날 수 있음,3000,락추로스 파우더(제2009-40호),20191226,650,"유익균 증식, 유해균 억제에 도움을 줄 수 있습니다.(생리활성기능 2등급)",
Chlorogenic acid (36 ∼ 60mg/g),20201029,g,"-어린이, 임산부 및 수유부는 섭취를 피할 것
-질환이 있거나 의약품 복용시 전문가와 상담할 것
-카페인을 함유한 식품의 섭취에 주의할 것
-이상사례 발생 시 섭취를 중단하고 전문가와 상담할 것",3,그린마테추출물 EFLA 920(제2008-52호),20191226,3,"(국문) 체지방 감소에 도움을 줄 수 있습니다(생리활성기능 2등급)
(영문) May help to reduce body fat",
"티로신(Tyrosine), 알라닌(Alanine)",20201029,mg,임산부 및 수유여성은 섭취에 주의,400,피브로인추출물 BF-7(제2009-46호),20191226,200,기억력 개선에 도움을 줄 수 있습니다.(기타Ⅱ등급),
포스콜린(forskolin),20201029,mg,"-항응고제 또는 혈압조절제를 복용하시거나 혈압이 낮으신 분은 섭취에 주의
-임산부, 수유여성, 어린이는 섭취에 주의",500,콜레우스 포스콜리 추출물 Forslean(제2009-47호),20191226,500,체지방 감소에 도움을 줄 수 있습니다(기타기능II),
"docosahexanoic acid(DHA), eicosapentaenoic(EPA), docosapentaenoic(DPA), α-linolenic acid",20201029,mg,혈전용해제를 복용하시는 분은 의사와 상담하여 주시기 바랍니다,200,리프리놀-초록입홍합추출오일(제2009-49호),20191226,200,"(국문) 관절 건강에 도움을 줄 수 있음
(영문) May help to maintain healthy joint",
피브린용해효소활성(U/g),20201029,mg,"-알레르기 체질이신 분은 원재료를 확인하신 후 섭취하십시오
-임산부와 수유기 여성은 섭취를 피하는 것이 좋습니다
-과다 섭취 시 혈액응고가 저해되어 출혈 위험이 증가될 수 있습니다
-항혈전 관련 약품(항응고제, 항혈소판제제)을 섭취하는 사람은 의사와 상담 후 섭취하여야 합니다
-수술 전과 후에는 섭취를 피해야 합니다",133,HK 나토배양물(제2009-50호),20191226,133,"혈액의 흐름을 방해할 수 있는 혈소판응집을 억제하여, 혈액흐름을 원활히 하는데 도움을 줄 수 있음.(기타 II)",
"1-tetracosanol(C24), 1-hexacosanol(C26), 1-octacosanol(C28), 1-triacotanol(C30), 1-dotriacotanol(C32), 1-tetratriacontanol(C34)",20201029,mg,"어린이, 임산부 및 수유부는 섭취 시 주의",100,비즈왁스알코올(제2010-1호),20191226,50,"(국문) 
① 항산화에 도움을 줄 수 있음(생리활성기능 2등급)
② 위점막을 보호하여 위건강에 도움을 줄 수 있음(생리활성기능 2등급)
③ 관절 건강에 도움을 줄 수 있음(생리활성기능 2등급)
(영문)
① May help protect body from oxidative stress
②  May help stomach health through improving gastric mucosa
③ May help to maintain healthy joint",
"Cinnamic acid, Shanzhiside methylester, Nodakenin",20201029,mg/일,"-임산부 및 수유부는 섭취를 피할 것
-항응고제, 항혈전제 등 복용 시 전문가와 상담할 것
-알레르기 체질 등은 개인에 따라 과민반응을 나타낼 수 있음
-이상사례 발생 시 섭취를 중단하고 전문가와 상담할 것",514,백수오 등 복합추출물(제2010-20호),20191226,514,"(국문) 갱년기 여성 건강에 도움을 줄 수 있음
(영문) May help to menopausal womens health",
"L-로이신(Leucine), L-이소로이신 (Isoleucine), L-발린(Valine)",20201029,g,"-신장, 심혈관계 질환이 있거나 간기능이 저하된 분은 의사와 상담 후 섭취하십시오
-임산부, 수유부는 의사와 상담 후 섭취하십시오",5,발효생성아미노산 복합물(제2010-21호),20191226,4.7,지구성 운동 시 피로개선에 도움을 줄 수 있음(기타기능Ⅱ),
석류추출물(기능성원료인정제2010-23호),20191226,g,① 임산부와 수유부는 섭취를 피하는 것이 좋습니다.② 항혈전제를 복용하시는 분은 의사와 상의하시기 바랍니다.③ 에스트로겐 호르몬에 민감한 사람은 섭취에 주의하시기 바랍니다.,6,석류추출물(제2010-23호),20191226,6,갱년기 여성의 건강에 도움을 줄 수 있음(기타Ⅱ),
"총 이소플라본(Daidzein 및 Genistein의 합), 베타글루칸",20201029,g,"-영-유아, 어린이, 임산부 및 수유부는 섭취에 주의
-알레르기 체질이거나 특정질환이 있는 분은 섭취 전 의사와 상담
-에스트로겐 호르몬에 민감한 사람은 섭취에 주의",3,콩.보리 발효복합물(제2015-10호),20191226,3,피부 보습에 도움을 줄 수 있음 (생리활성기능 2등급),
지방족 알코올,20201029,mg/일,"-임산부, 수유부, 청소년 및 어린이는 섭취를 피할 것
-심혈관약 등 복용, 혈액응고장애가 있거나 수술예정인 사람은 전문가와 상담할 것
-이상사례 발생 시 섭취를 중단하고 전문가와 상담할 것",20,폴리코사놀-사탕수수왁스알코올(제2006-4호),20191226,5,"(국문) 혈중 콜레스테롤 수치 개선에 도움을 줄 수 있음, 혈압조절에 도움을 줄 수 있음
(영문) May help to improve blood cholesterol level, May help to regulate blood pressure",
식물스타놀에스테르(기능성원료인정제2006-11호),20191226,mg,①식물 스타놀 에스테르는 지용성 비타민의 흡수를 저해할 수 있습니다.,3400.1,식물스타놀에스테르(제2006-11호),20191226,3399.9,높은 혈중 콜레스테롤 수치개선에 도움,
"키토산/키토올리고당, (+)-allo-hydroxy citric acid lactone, L-carnitine",20201029,mg,"-어린이, 임산부 및 수유부는 섭취를 피할 것
-이상사례 발생시 섭취를 중단하고 전문가와 상담할 것",2079,씨제이 히비스커스 등 복합추출물(제2004-7호),20191226,2079,(국문) 체지방 감소에 도움을 줄 수 있음 (영문) May help to reduce body fat,
"에이코사펜타엔산(EPA), 도코사헥사엔산(DHA), 도코사펜 타엔산(DPA), 알파리놀렌산(α-Linolenic acid)",20201029,mg,"-임산부 및 수유부는 섭취를 피할 것
-간 질환이 있거나 혈전용해제 등 복용 시 전문가와 상담할 것 
-알레르기 체질 등은 개인에 따라 과민반응을 나타낼 수 있음
-이상사례 발생 시 섭취를 중단하고 전문가와 상담할 것",620,초록입홍합추출오일복합물(제2004-8호),20191226,620,(국문) 관절건강에 도움이 될 수 있음 (영문) May help to maintain healthy joint,
L-카르니틴,20201029,g,,2,L-카르니틴 타르트레이트(제2012-19호),20191226,2,체지방 감소에 도움을 줄 수 있음(생리활성기능 2등급),
Gly-Pro-Hyp,20201029,g,임산부와 수유부는 섭취에 주의하시기 바랍니다,2,Collactive 콜라겐펩타이드(제2012-24호),20191226,2,피부 보습에 도움을 줄 수 있음(생리활성기능 2등급),
폴리감마글루탐산칼륨,20201029,mg,"어린이, 임신 또는 수유중인 여성은 섭취에 주의",1000,청국장균배양정제물(폴리감마글루탐산칼륨)(제2012-25호),20191226,1000,면역기능 증진에 도움을 줄 수 있음(생리활성기능 2등급),
Hyperoside,20201029,g,"-알레르기 반응을 보이는 사람의 경우 섭취전 성분 확인 필요함
-임산부, 수유부, 어린이의 섭취는 전문의와 상담 후 섭취를 권장함",5,로즈힙분말(제2012-27호),20191226,5,관절 및 연골 건강에 도움을 줄 수 있음(생리활성기능 2등급),
Dieckol,20201029,mg,"-요오드 함량이 높은 식품(해조류, 어패류 등) 섭취 시 주의
-갑상선질환 등을 보유하고 있는 사람은 섭취 시 주의
-임산부, 수유부 및 12세 이하 어린이는 섭취 시 주의",360,씨폴리놀 감태주정추출물(제2012-28호),20191226,72,"1) 혈중 콜레스테롤 개선에 도움을 줄 수 있음 (생리활성기능 2등급)
2) 식후혈당 상승 억제에 도움을 줄 수 있음",
"3-carene, limonene, terpinolene",20201029,mg,"기관지 천식, 해소 기침이나 기도에 심한 염증이 있는 사람은 섭취에 주의",1350,솔잎 증류 농축액(제2012-30호),20191226,1350,건강한 혈당의 유지에 도움을 줄 수 있음(생리활성기능2등급),
Withaferin A,20201029,mg,"임산부, 수유부, 어린이는 섭취에 주의",180,아쉬아간다 추출물(제2012-33호),20191226,125,스트레스로 인한 긴장 완화에 도움을 줄 수 있음 (생리활성기능 2등급),
포스콜린,20201029,mg,"임산부, 수유여성, 어린이는 섭취에 주의",500,콜레우스 포스콜리 추출물(제2012-5호),20191226,500,체지방 감소에 도움을 줄 수 있음 (생리활성기능 2등급),
게르마늄(Germanium),20201029,g,"-임산부, 수유여성 및 12세 이하 어린이는 섭취에 주의
-이상사례 발생 시 섭취를 중단하고 전문가와 상담할 것",1.2,바이오게르마늄 효모(New제2007-15호),20191226,1.2,"(국문)  면역기능증진에 도움을 줄 수 있음
(영문) May help to improve immune function",
0.19-알부민,20201029,g,소맥알레르기 체질인 사람은 섭취에 주의하여야 합니다,1.5,PMO 참밀알부민(New제2007-23호),20191226,1.2,PMO 참밀알부민은 급격한 식후 혈당상승을 억제하는데 도움을 줄 수 있습니다 (기타기능II),
"Lauric acid (mg/g), β-sitosterol (mg/g)",20201029,mg,"-메스꺼움이나 설사 등 소화계통의 불편함을 유발 할 수 있음
-어린이, 임산부, 수유기 여성은 섭취에 주의할 것",705,쏘팔메토 열매 추출물 등 복합물(제2008-79호),20191226,705,"(국문) 전립선 건강의 유지에 도움을 줄 수 있습니다 
(영문) May help to maintain healthy prostate",
Extract of Actinidia arguta,20201029,g,임산부 및 수유기 여성은 섭취 전 의사와 상담하여야 함,2,다래추출물(제2009-18호),20191226,2,"(국문) 면역 과민반응 개선에 도움을 줄 수 있음
(영문) May help to reduce hypersensitivity reactions",
L-글루타민산 유래 GABA 함유 분말(기능성원료인정제2009-1호),20191226,mg,"① 임산부와 수유기 여성, 어린이는 섭취에 주의하시기 바람",20.1,L-글루타민산 유래 GABA 함유 분말(제2009-1호),20191226,19.9,혈압이 높은 사람에게 도움을 줄 수 있습니다. (기타기능Ⅱ),
중쇄지방산함유유지(기능성원료인정제2009-20호),20191226,mg/g,,0,중쇄지방산(MCFA)함유 유지(제2009-20호),20191226,0,이 제품은 중쇄지방산을 함유하고 있어 다른 식용유와 비교하였을 때 체지방 증가가 적을 수 있음(기타기능II),
Diacylglyceride,20201029,mg,,99999,식물성유지 디글리세라이드(DG)(제2009-21호),20191226,0,이 제품은 디글리세라이드(Diacylglyceride)를 함유하고 있어 다른 식용유와 비교했을 때 식후 혈중 중성지방과 체지방 증가가 적을 수 있음(기타기능 II),
카제인가수분해물(기능성원료인정제2009-22호),20191226,mg,,3.6,카제인가수분해물(제2009-22호),20191226,1.8,혈압이 높은 사람에게 도움을 줄 수 있습니다(기타기능 II),
alpha acids와 iso-alpha acids,20201029,g,"-어린이, 임산부 및 수유여성은 섭취에 주의
-호프추출물에 알레르기 반응을 나타내는 분은 섭취에 주의
-항우울제 또는 호르몬제를 복용하시는 분은 섭취에 주의",2,호프추출물(제2009-25호),20191226,1,관절 건강에 도움을 줄 수 있습니다(기타기능II),
Nopal추출물(기능성원료인정제2010-10호),20191226,mg,"어린이, 임산부 및 수유여성은 섭취에 주의",4400,nopal추출물(제2010-10호),20191226,4200,식후 혈당조절에 도움을 줄 수 있습니다 (기타기능II),
Quercetin,20201029,mg,"-임산부 및 수유부는 섭취를 피할 것
-간 질환이 있는 경우 전문가와 상담할 것
-이상사례 발생 시 섭취를 중단하고 전문가와 상담할 것",2460,헛개나무과병추출분말(제2008-55호),20191226,2460,(국문) · 알콜성 손상으로부터 간을 보호하는데 도움을 줄 수 있음 · 운동능력 향상에 도움을 줄 수 있음 · 스트레스로 인한 피로개선에 도움을 줄 수 있음 (영문) · May help to liver health on alcoholic liver damage · May help to improvement of exercise ability · May help to improvement of fatigue due to stress,
지아잔틴(Zeaxanthin),20201029,mg,"-임산부는 섭취 전 의사와 상담이 필요합니다
-과다 섭취 시 일시적으로 피부가 황색으로 변할 수 있습니다",20,지아잔틴 추출물(제2008-65호),20191226,10,"(국문) 노화로 인해 감소될 수 있는 황반색소밀도를 유지하여 눈건강에 도움을 줄 수 있음
(영문) May help the eye health by maintaining the density of macular pigments which can be decreased by aging",
"루테인(Lutein) , 지아잔틴(Zeaxanthin)",20201029,mg,"-임산부는 섭취 전 의사와 상담이 필요합니다
-과다 섭취 시 일시적으로 피부가 황색으로 변할 수 있습니다",20,루테인/지아잔틴 복합추출물(제2008-66호),20191226,10,"(국문) 노화로 인해 감소될 수 있는 황반색소밀도를 유지하여 눈건강에 도움을 줄 수 있음
(영문) May help the eye health by maintaining the density of macular pigments which can be decreased by aging",
α - glucan,20201029,g,,3.6,표고버섯균사체 AHCC(제2008-78호),20191226,1.8,면역기능 증진에 도움을 줄 수 있음(생리활성기능 2등급),
이소말토올리고당(기능성원료인정제2005-10호),20191226,g,① 과량으로 섭취 시에는 설사를 유발할 수 있습니다.,12,이소말토올리고당(제2005-10호),20191226,8,"장내 유익균의 증식과 유해균의 억제에 도움을 줄 수 있습니다, 배변활동을 원활히 하는데 도움을 줄 수 있습니다.",
이소말토올리고당(기능성원료인정제2005-11호),20191226,g,① 과량으로 섭취 시에는 설사를 유발할 수 있습니다.,12,이소말토올리고당(제2005-11호),20191226,8,"장내 유익균의 증식과 유해균의 억제에 도움을 줄 수 있습니다, 배변활동을 원활히 하는데 도움을 줄 수 있습니다.",
대두올리고당(기능성원료인정제2005-20호),20191226,g,① 과량으로 섭취 시에는 설사를 유발할 수 있습니다.,3,대두올리고당(제2005-20호),20191226,2,"장내 유익균의 증식과 유해균의 억제에 도움을 줄 수 있습니다, 배변활동을 원활히 하는데 도움을 줄 수 있습니다.",
D-tagatose,20201029,g,과량 섭취 시 위장장애가 발생할 수 있음,7.5,타가토스(제2011-37호),20191226,5,식후 혈당조절에 도움을 줄 수 있음(기타기능Ⅱ),
"데쿠르신(Decursin), 사우치논(Sauchinone), 쉬잔드린(Schizandrin)",20201029,mg,항응고제와 병용 시 주의,800,당귀등추출복합물(제2011-3호),20191226,800,"(국문) 노인의 기억력 개선에 도움을 줄 수 있음 (생리활성기능 2등급)
(영문) May help to improve abilities to remember",
"L-이소로이신(Isoleucine), L-로이신(Leucine), L-발린(Valine)",20201029,g,"-신장, 심혈관계 질환이 있거나 간기능이 저하된 분은 섭취에 주의 
-임산부, 수유부는 섭취에 주의",5,발효생성아미노산 복합물(제2011-40호),20191226,4.7,"(국문) 지구성 운동 시 피로개선에 도움을 줄 수 있음 (생리활성기능 2등급)
(영문) May help to relieve fatigue recovery",
식이섬유,20201029,g,"과량 섭취 시 설사, 복부팽만 등을 유발할 수 있으므로 주의",20,밀전분유래 난소화성말토덱스트린(제2011-6호),20191226,8,장내 유익균의 증식과 유해균의 억제에 도움을 줄 수 있음(기타기능II),
벤질헥사데칸아미드(n-benzyl-hexadecanamide),20210412,g/일,,5,마카 젤라틴화 분말(제2011-7호),20191226,5,정자 운동성 개선에 도움을 줄 수 있음(생리활성기능 2등급),
Glabridin,20210416,mg/일,"-영・유아, 어린이, 임산부 및 수유부는 섭취에 주의
-특정 질환(알레르기 체질 등)이 있는 분은 섭취에 주의
-이상사례 발생 시 섭취를 중단하고 전문가와 상담할 것",150,스페인감초추출물(제2014-4호),20191226,150,"(국문) 위 점막 내 헬리코박터균(Helicobacter pylori) 증식을 억제하고 위 점막을 보호하여 위 건강에 도움을 줄 수 있음
(영문) May help to stomach health by protecting gastric mucosa and inhibiting proliferation of Helicobacter pylori in gastric mucosa.",
"엘레우테로사이드 E (Eleutheroside E), 리구스틸라이드 (Ligustilide), 바이칼린 (Baicalin)",20201029,g,"-임산부 및 수유부 여성은 섭취에 주의
-알레르기 및 특이체질, 질병치료 중인 사람은 섭취에 주의",1.5,가시오갈피 등 복합추출물(제2013-25호),20191226,1.5,관절 건강에 도움을 줄 수 있음(생리활성기능 2등급),
Hyperoside,20201029,g,"-알레르기 반응을 보이는 사람의 경우 섭취전 성분 확인 필요함
-임산부, 수유부, 어린이의 섭취는 전문의와 상담 후 섭취를 권장함",5,로즈힙분말(제2014-17호),20191226,5,"(국문) 관절 및 연골건강에 도움을 줄 수 있음
(영문) May help to maintain healthy joint and cartilage",
"Polyphenol derivatives(피로갈롤: pyrogallol), 대두이소플라본 배당체(다이드진, 제니스틴, 글리시틴)의 합",20201029,mg,"-영유아, 어린이, 임산부와 수유부는 섭취에 주의
-호박씨, 대두에 알레르기를 나타내는 사람은 섭취에 주의
-에스트로겐 호르몬에 민감한 사람은 섭취에 주의+R-45",1000,호박씨추출물 등 복합물(제2011-15호),20191226,600,방광의 배뇨기능 개선에 도움을 줄 수 있음(생리활성기능 2등급),
아데노신,20210316,g/일,"-어린이, 임산부, 수유부는 섭취에 주의
-섭취 시 가벼운 위불쾌감 유발 가능
-혈당강하제, 항응고제, 항우울제와 병용 시 섭취에 주의",2.5,동충하초 발효 추출물(제2011-16호),20191226,2.5,"- (국문) 지구력 증진에 도움을 줄 수 있음
   (영문) May help to improve endurance",
감마아미노부티르산(γ-aminobutyric acid),20201029,g,"-요오드 함량이 높은 식품(해조류, 어패류 등) 섭취 시 주의
-갑상선질환 등을 보유하고 있는 사람은 섭취 시 주의
-임산부 및 수유부는 섭취 시 주의",1.5,유산균발효다시마추출물(제2011-22호),20191226,1.5,"(국문)
 · 알콜성 손상으로부터 간을 보호하는데 도움을 줄 수 있음
 · 기억력 개선에 도움을 줄 수 있음
(영문)
 · May help to protect liver from alcoholic liver injury
 · May help to improve memory",
감마아미노부티르산 (γ-aminobutyric acid),20201029,g,"-요오드 함량이 높은 식품(해조류, 어패류 등) 섭취 시 주의
-갑상선질환 등을 보유하고 있는 사람은 섭취 시 주의
-임산부 및 수유부는 섭취 시 주의",1.5,유산균 발효 다시마추출물(제2011-23호),20191226,1.5,"(국문) 알콜성 손상으로부터 간을 보호하는데 도움을 줄 수 있음(기타기능Ⅱ)
(영문)  May help to maintain liver protection from alcohol-induced damage",
Quercetin,20201029,mg,"-임산부 및 수유부는 섭취를 피할 것
-간 질환이 있거나 의약품 복용 시 전문가와 상담할 것
-이상사례 발생 시 섭취를 중단하고 전문가와 상담할 것",2460,헛개나무과병추출분말(제2014-1호),20191226,2460,(국문) 알콜성 손상으로부터 간을 보호하는데 도움을 줄 수 있음 (영문) May help to liver health on alcoholic liver damage,
엘라그산(Ellagic acid),20201029,g,"-어린이, 임산부와 수유부는 섭취를 피하는 것이 좋습니다
-에스트로겐 호르몬에 민감한 사람은 섭취에 주의하시기 바랍니다",13.3,석류농축액(제2014-22호),20191226,13.3,"갱년기 여성의 건강에 도움을 줄 수 있음 (생리활성기능 2등급)
피부보습에 도움을 줄 수 있음 (생리활성기능 2등급)",
3-Acetyl-11-keto-β-boswellic acid(AKBA)와 11-keto-β-boswellic acid(KBA)의 합,20201029,mg,임산부 및 수유부는 섭취 시 주의,1000,보스웰리아 추출물(제2014-23호),20191226,1000,"(국문) 관절 및 연골건강에 도움을 줄 수 있음
(영문) May help to maintain healthy joint and cartilage",
총 플라바놀(total flavanols),20201029,g,"-제안된 일일섭취량 이상 과량 섭취하지 않도록 주의 
-임산부와 수유부, 카페인에 민감한 사람의 경우 섭취에 주의 
-특정 질병이 있는 경우 섭취 전에 의사와 상담",2.8,카카오분말(제2014-25호),20191226,2.8,혈관이완을 통한 혈행개선에 도움을 줄 수 있음(생리활성기능 2등급),
Quercetin,20201029,mg,"-임산부 및 수유부는 섭취를 피할 것
-간 질환이 있는 경우 전문가와 상담할 것
-이상사례 발생 시 섭취를 중단하고 전문가와 상담할 것",2460,헛개나무과병추출분말(제2016-10호),20191226,2460,"(국문) 알콜성 손상으로부터 간을 보호하는데 도움을 줄 수 있음
(영문) May help to liver health on alcoholic liver damage",
VVYP(Val-Val-Tyr-Pro),20201029,g,"-임산부와 수유부는 섭취 시 주의
-높은 혈당 및 당뇨환자는 섭취 시 주의",1,글로빈 가수분해물(제2011-21호),20191226,1,식후 혈중 중성지방 개선에 도움을 줄 수 있음(기타기능Ⅱ),
포스콜린,20201029,mg,"임산부, 수유여성, 어린이는 섭취에 주의",500,콜레우스 포스콜리 추출물(제2011-42호),20191226,500,체지방 감소에 도움을 줄 수 있음 (생리활성기능 2등급),
베타글루칸,20201029,mg,"임산부, 수유부는 섭취에 주의",350,HK표고버섯균사체(제2010-35호),20191226,350,간건강에 도움을 줄 수 있음(기타기능II),
글루코실 세라마이드 (Glucosylceramide),20201029,mg,임산부와 수유기 여성은 섭취를 피하는 것이 좋습니다,34,쌀겨추출물(제2009-66호),20191226,10,피부보습에 도움을 줄 수 있음(기타기능II),
1-deoxynojirimycin,20201029,g,"당뇨병의 치료 및 예방에 사용될 수 없으므로 당뇨병 치료가
필요한 경우에는 의사와 상담 하에 사용하여야 합니다",2.7,동결건조누에분말(제2009-67호),20191226,2.7,"(국문) 혈당조절에 도움을 줄 수 있음
(영문) May help to maintain healthy blood glucose level",
엘라그산(ellagic acid),20201029,mg,,3150,복분자추출분말(제2010-62호),20191226,3150,간 건강에 도움을 줄 수 있음(기타기능Ⅱ),
Gly-Pro-Hyp,20210115,mg/일,"-영·유아, 어린이, 임산부, 수유부는 섭취에 주의",3000,저분자콜라겐펩타이드(제2013-30호),20191226,1000,"(국문)
① 피부 보습에 도움을 줄 수 있음
② 자외선에 의한 피부손상으로부터 피부 건강을 유지하는데 도움을 줄 수 있음
(영문)
① May help to maintain skin moisturizing
② May help to maintain skin health from skin damage by UV radiation","섭취량 변경 1,000>1,000~3,000"
"Luteolin(민들레), Isoorientin(루이보스)",20201029,mg,,400,MR-10 민들레등복합추출물(제2013-31호),20191226,400,갱년기 남성의 건강에 도움을 줄 수 있음 (생리활성기능 2등급),
"진세노사이드 Rb1(Ginsenoside Rb1), 스타키오스(Stachyose), 엘레우테로사이드 E(Eleutheroside E)",20201029,mg,,800,전칠삼추출물 등 복합물(제2013-32호),20191226,800,"(국문) 관절 건강에 도움을 줄 수 있음
(영문) May help to maintain healthy joint",
베타글루칸,20201029,mg,,250,효모베타글루칸(제2013-34호),20191226,250,면역기능 증진에 도움을 줄 수 있음(생리활성기능 2등급),
1-palmitoyl-2-linoleoyl-3-acetyl-rac-glycerol,20201029,g,"-장기간(6개월 이상) 섭취 시 주의
-어린이, 임산부, 수유부 및 가임여성은 섭취를 삼가 
-위장장애가 발생할 수 있으므로 주의",1,"피엘에이지(PLAG,1-palmitoyl-2-linoleoyl-3-acetyl-rac-glycerol)(제2013-35호)",20191226,1,인터루킨 4 감소를 통한 면역조절에 도움을 줄 수 있음 (생리활성기능 2등급),
VPP(Val-Pro-Pro) 및 IPP(Ile-Pro-Pro),20201029,mg,,3.6,카제인 가수분해물(제2010-6호),20191226,1.8,혈압이 높은 사람에게 도움을 줄 수 있습니다.(기타기능 II),
Panduratin A,20201029,mg,,600,핑거루트추출분말(판두라틴)(제2013-5호),20191226,600,"(국문)
(1) 자외선에 의한 피부손상으로부터 피부 건강을 유지하는데 도움을 줄 수 있음
(2) 체지방 감소에 도움을 줄 수 있음
(3) 피부보습에 도움을 줄 수 있음
(영문)
(1) May help to maintain skin health from skin damage by UV radiation
(2) May help to reduce body fat
(3) May help to maintain skin moisturizing",
Damulin A,20210602,mg/일,일일섭취량 이상으로 섭취 시 위장장애 (구토와  위장운동 증가)가 발생할 수 있음,450,돌외잎주정추출분말 (액티포닌®)(제2013-8호),20191226,450,"(국문) 체지방 감소에 도움을 줄 수 있음(생리활성기능 2등급)
(영문) May help reduce body fat mass(Other function claim 2 grade)",
Enterococcus faecalis 가열처리건조분말(기능성원료인정제2008-31호),20191226,mg,,1000.1,Enterococcus faecalis 가열처리건조분말(제2008-31호),20191226,999.9,꽃가루에 의해 나타나는 코막힘의 개선에 도움,
"Rb1, Rg3, Torilin, Loganin",20201029,g,"-홍삼, 사상자, 산수유에 특이한 이상반응을 나타내는 사람은 섭취에 주의
-임산부 및 수유기 여성은 섭취에 주의",3,"홍삼, 사상자, 산수유 복합추출물(제2008-67호)",20191226,3,햇볕 또는 자외선에 의한 피부손상으로부터 피부건강을 유지하는데 도움을 줄 수 있습니다(기타기능II),
Betaine,20201029,mg,"영유아 및 임산부, 수유부는 의사와 상담 후 섭취",1425,구기자추출물(제2014-51호),20191226,1425,기억력 개선에 도움을 줄 수 있음 (생리활성기능 2등급),
"초산(Acetic acid), 엘라직산(Ellagic acid)",20201029,ml,"-임산부와 수유부는 섭취에 주의 
-공복에 섭취하거나 과다 섭취 시 속쓰림 등 위에 자극을 느낄 수 있음",22,발효식초석류복합물(제2014-57호),20191226,22,체지방 감소에 도움을 줄 수 있음(생리활성기능 2등급),
유산균(Lactobacillus gasseri BNR17),20210316,CFU,산성도가 낮은 음료나 뜨거운 물과 함께 복용하는 것을 피하는 것이 좋음,10000000000,Lactobacillus gasseri BNR17(제2014-5호),20191226,10000000000,체지방 감소에 도움을 줄 수 있음(생리활성기능 2등급),
피브린용해효소활성,20201029,mg,"-대두에 알레르기를 나타내는 사람은 섭취에 주의
-임산부-수유부 섭취에 주의
-의약품(혈액항응고제) 복용시 섭취에 주의
-수술 전-후 섭취에 주의",100,나토균배양분말(제2012-7호),20191226,100,"(국문) 
 · 혈압이 높은 사람에게 도움을 줄 수 있음
 · 혈소판 응집억제를 통한 혈행개선에 도움을 줄 수 있음
(영문) 
 · May help to improve high blood pressure 
 · May help to improve blood circulation through inhibition of platelet aggregation",
루테인 에스테르(루테인),20210526,mg/일,-과다 섭취시 일시적으로 피부가 황색으로 변할 수 있음,20,마리골드 추출물(루테인 에스테르)(제2012-22호),20191226,18.5,"(국문) 노화로 인해 감소될 수 있는 황반색소밀도를 유지하여 눈 건강에 도움을 줄 수 있음
(영문) May help the eye health by maintaining the density of macular pigments which can be decreased by aging",
"α-Glucosidase 활성 억제능(IC50), Tris(2-Amino-2-(hydroxymethyl)-1,3-propanediol)",20201029,mg,"-대두에 알레르기를 나타내는 사람은 섭취 시 주의
-임산부, 수유부 및 어린이는 섭취 시 주의",900,콩발효추출물(제2012-31호),20191226,900,식후 혈당상승 억제에 도움을 줄 수 있음(생리활성기능 2등급),
"α-Glucosidase 활성 억제능(IC50), Tris(2-Amino-2-(hydroxymethyl)-1,3-propanediol)",20201029,mg,"-대두에 알레르기를 나타내는 사람은 섭취 시 주의
-임산부, 수유부 및 어린이는 섭취 시 주의",900,콩발효추출물(제2012-32호),20191226,900,식후 혈당상승 억제에 도움을 줄 수 있음(생리활성기능 2등급),
CMO(Cetyl Myristoleate),20201029,mg,임산부 및 수유부는 섭취 시 주의,893,CMO 함유 FAC(Fatty Acid Complex)(제2014-26호),20191226,893,"(국문) 관절 건강에 도움을 줄 수 있음
(영문) May help to maintain healthy joint and cartilage",
생균수,20201029,CFU,알레르기 체질이거나 특정질환이 있는 분은 섭취 전 의사와 상담,1000000000,UREX 프로바이오틱스(제2014-27호),20191226,1000000000,유산균 증식을 통한 여성 질 건강에 도움을 줄 수 있음 (생리활성기능 2등급),
Platycodin D,20201029,g,"-임산부, 수유부 섭취에 주의
-알레르기 체질이거나 특정질환이 있는 분은 의사와 상담 후 섭취",3,도라지추출물(제2013-26호),20191226,3,간 건강에 도움을 줄 수 있음(생리활성기능 2등급),
식이섬유,20201029,g,"-무화과에 알레르기를 나타내는 사람은 섭취에 주의
-과다 섭취 시 일시적인 복부팽만감을 느낄 수 있음",300,무화과페이스트(제2014-29호),20191226,300,배변활동 원활에 도움을 줄 수 있음(생리활성기능 2등급),
"총 폴리페놀, 카테킨",20201029,ml,"유아, 어린이, 임산부 등 철의 필요량이 증가하는 연령층은 섭취에 주의",24,적포도발효농축액(제2014-30호),20191226,24,콜레스테롤 개선에 도움을 줄 수 있음 (생리활성기능 2등급),
"퀸산(Quinic acid), 구연산(Citric acid)",20201029,g,임산부와 수유부는 섭취에 주의,2.5,액상 다래추출물(제2009-58호),20191226,2,"(국문) 면역 과민반응 개선에 도움을 줄 수 있음
(영문) May help to reduce hypersensitivity reactions",
진세노사이드 Rg1,20201029,mg,"-의약품(당뇨치료제, 혈액항응고제) 복용 시 섭취에 주의",960,인삼가수분해 농축액(제2011-27호),20191226,960,"(국문) 혈당 조절에 도움을 줄 수 있음
(영문) May help to maintain healthy blood glucose level",
Chlorogenic acid,20201029,mg,"-임산부와 수유기 여성, 유아, 어린이는 섭취에 주의
-카페인이 함유되어 있어 초조감, 불면 등을 나타낼 수 있음",400,그린커피빈추출물(제2014-31호),20191226,400,"(국문) 체지방 감소에 도움을 줄 수 있음
(영문) May help to reduce body fat",
식물스타놀 에스테르,20201029,g,식물스타놀 에스테르는 지용성 비타민의 흡수를 저해할 수 있습니다,3.4,식물스타놀 에스테르(제2014-32호),20191226,2.5,높은 혈중 콜레스테롤 수치 개선에 도움을 줄 수 있음(생리활성기능 2등급),
"루테오린(Luteolin), 카테킨(Catechin), 피시온(Physcion)",20200519,mg/day,,750,민들레 등 추출복합물(제2012-12호),20191226,750,피부보습에 도움을 줄 수 있음(생리활성기능 2등급),
"대두이소플라본(비배당체), 8-Prenylnaringenin",20201029,mg/일,"-영·유아, 어린이, 임산부 및 수유부는 섭취에 주의
-에스트로겐 호르몬에 민감한 사람은 섭취에 주의
-메스꺼움 등 소화계통의 불편함과 설사를 유발 할 수 있음
-알레르기 체질이거나 특정질환이 있는 사람은 섭취 전 전문가와 상담할 것
-이상사례 발생 시 섭취를 중단하고 전문가와 상담할 것",190,대두추출물등 복합물(제2019-29호),20200217,190,"(국문) 갱년기 여성건강에 도움을 줄 수 있음
(영문) May help to menopausal womens health",
"엉겅퀴 : Chlorogenic acid, 타임 : Rosmarinic acid",20201029,mg/일,"-임산부 및 수유부는 섭취를 피할 것
-알레르기를 나타내는 사람은 섭취 시 주의
-이상사례 발생 시 섭취를 중단하고 전문가와 상담할 것
-에스트로겐 호르몬에 민감한 사람은 섭취에 주의
-항우울제 또는 호르몬제를 복용하는 사람은 섭취에 주의",300,MS-10 엉겅퀴등복합추출물(제2020-6호),20200707,300,"(국문) 갱년기 여성건강에 도움을 줄 수 있음
(영문) May help to menopausal womens health",MS-10 엉겅퀴등복합추출물(제2020-6호)
클로로겐산(chlorogenic acid),20200825,mg/일,"-영·유아, 어린이, 임산부 및 수유부는 섭취에 주의
-특정질환(알레르기 체질 등)이 있는 분은 섭취에 주의
-이상사례 발생 시 섭취를 중단하고 전문가와 상담할 것",700,해국추출물(제2020-11호),20200825,700,"- (국문) 체지방 감소에 도움을 줄 수 있음
   (영문) May help to reduce body fat",해국추출물(제2020-11호)
"열처리배양균체수(cells/g),Lactic acid(mg/g)",20201029,mg/일,"-어린이, 임산부 및 수유부는 섭취에 주의
-알레르기 체질이신 경우 섭취시 주의
-질병으로 인하여 치료중인 분은 의사 또는 약사와 상담이 필요함",400,Lactobacillus rhamnosus IDCC3201 열처리배양건조물(제2018-12호),20201029,400,"(국문) 면역과민반응에 의한 피부상태 개선에 도움을 줄 수 있음 (생리활성기능) 
(영문) May help to improve skin condition of immune hypersensitivity reaction",
총모나콜린K,20201029,mg,,8,홍국쌀(제2009-19호),20201029,4,콜레스테롤 개선,
"nodakenin, paeoniflorin, chlorogenic acid",20201029,g/일,"-어린이, 임산부 및 수유부는 섭취를 피할 것
-월경불순이나 출혈성 질환이 있는 여성의 경우 전문가와 상담할 것
-항응고제 복용시 전문가와 상담할 것
-알레르기 체질 등은 개인에 따라 과민반응을 나타낼 수 있음
-이상사례 발생시 섭취를 중단하고 전문가와 상담할 것",40,헤모힘 당귀등 혼합추출물(제2006-17호),20201029,20,"(국문) 면역기능 개선에 도움을 줄 수 있음
(영문) May help to improve immune function",
리놀렌산(Linolenic acid),20201029,mg/일,"-영·유아, 어린이, 임산부 및 수유부는 섭취에 주의
-특정질환(알레르기 체질 등)이 있는 분은 섭취에 주의
-이상사례 발생 시 섭취를 중단하고 전문가와 상담할 것",480,쇠비름주정추출분말(KDC16-2)(제2019-18호),20201029,480,"(국문) 배변활동 원활에 도움을 줄 수 있음
(영문) May help to improve bowel movements",
,20201029,mg,,2400,차조기등복합추출물(New제2007-13호),20201029,2400,,
"α-Glucosidase 활성 억제능(IC50), Tris(2-Amino-2-(hydroxymethyl)-1,3-propanediol)",20201029,mg/일,,900,토치대두발효추출물(제2008-18호),20201029,900,"(국문) 콩발효추출물은 발효시킨 콩을 추출한 것으로 당의 흡수를 억제하여 식후혈당을 건강하게 유지하는데 도움을 줄 수 있는 식품입니다.
(영문) May help to maintain healthy blood glucose level",
"Daidzin, Glycitin, Genistin, L-carnitine",20201029,mg/일,"-알르레기성 비염, 천식, 우유 알레르기 반응을 나타내는 사람은 섭취에 주의
-임산부, 수유기 여성 및 어린이는 섭취에 주의",700,APIC 대두배아열수추출물 등 복합물(제2008-6호),20201029,700,체지방의 감소에 도움을 줄 수 있음(생리활성기능 2등급),
"Streptococcus thermophillus DSM24731, Lactobacillus acidophillus DSM24735, Lactobacillus delbrueckii ssp bulgaricus DSM24734, Lactobacillus paracasei DSM24733, Lactobacillus plantarum DSM24730, Bifidobacterium longum DSM24736, Bifidobacterium infantis DSM24737, Bifidobacterium breve DSM24732",20201029,,,3000000000000,프로바이오틱스(드시모네)(제2009-28호),20201029,100000000,"- 유익한 유산균 증식, 유해균 억제, 배변활동 원활
- 장 면역을 조절하여 장 건강에 도움을 줄 수 있음",
글루코실세라마이드(Glucosylceramide),20210305,mg/일,"-영·유아, 어린이, 임산부 및 수유부는 섭취에 주의
-밀 알레르기를 나타내는 사람은 섭취에 주의
-특정질환(알레르기 체질 등)이 있는 분은 섭취에 주의
-이상사례 발생 시 섭취를 중단하고 전문가와 상담할 것",350,밀 추출물(Ceratiq®)(제2020-15호),20210305,350,"- (국문) 피부보습에 도움을 줄 수 있음
  (영문) May help to maintain skin moisturizing",밀 추출물(CeratiqⓇ)
"세린(Serine), 글리신(Glycine)",20210315,g/일,"-영·유아, 어린이, 임산부 및 수유부는 섭취에 주의
-특정질환(알레르기 체질 등)이 있는 분은 섭취에 주의
-이상사례 발생 시 섭취를 중단하고 전문가와 상담할 것
-간, 신장 기능 이상자는 섭취에 주의",7.5,실크단백질 산가수분해물(Sil-Q1)(제2021-1호),20210315,7.5,"- (국문) 면역기능 증진에 도움을 줄 수 있음
   (영문) May help to improve immune function",
Ellagic acid,20210527,mg/일,"-영·유아, 어린이, 임산부 및 수유부는 섭취에 주의
-특정질환(알레르기 체질 등)이 있는 분은 섭취에 주의
-이상사례 발생 시 섭취를 중단하고 전문가와 상담할 것",600,복분자 추출물(RE-20)(제2021-2호),20210527,600,"(국문) 혈중 콜레스테롤 개선에 도움을 줄 수 있음
(영문) May help to improve blood cholesterol",복분자 추출물(RE-20)(제2021-2호)
"L-Leucine, L-Lysine, L-Leucylglycine",20201029,mg/일,"-영·유아, 어린이, 임산부 및 수유부는 섭취에 주의
-특정 질환(알레르기 체질 등)이 있는 분은 섭취에 주의
-이상사례 발생 시 섭취를 중단하고 전문가와 상담할 것",320,돈태반 발효추출물(제2019-31호),20200217,320,"(국문) 피로 개선에 도움을 줄 수 있음
(영문) May help to improve fatigue",
틸리아닌(Tilianin),20201029,g/일,"-영·유아, 어린이, 임산부 및 수유부는 섭취에 주의
-특정질환(알레르기 체질 등)이 있는 분은 섭취에 주의
-이상사례 발생 시 섭취를 중단하고 전문가와 상담할 것",1,배초향 추출물(Agatri)(제2020-4호),20200721,1,"(국문)
-피부보습에 도움을 줄 수 있음
-자외선에 의한 피부손상으로부터 피부건강을 유지하는데 도움을 줄 수 있음
(영문)
-May help to maintain skin moisturizing
-May help to maintain skin health from skin damage by UV radiation",배초향 추출물(Agatri)(제2020-4호)
"20-Hydroxyecdysone(발효우슬추출물), Decursin(당귀추출물), Pinoresinol diglucoside(두충추출물)",20200825,g/일,"-영·유아, 어린이, 임산부 및 수유부는 섭취에 주의
-특정질환(알레르기 체질 등)이 있는 분은 섭취에 주의
-이상사례 발생 시 섭취를 중단하고 전문가와 상담할 것
-소화불량, 속쓰림 등이 나타날 수 있음
-혈액응고방지제 또는 혈당강하제를 복용하는 분은 섭취에 주의",1,발효우슬등복합물(제2020-12호),20200825,1,"(국문) 관절건강에 도움을 줄 수 있음
(영문) May help to maintain healthy joint",발효우슬등복합물(제2020-12호)
틸리아닌(Tilianin),20201029,g/일,"-영·유아, 어린이, 임산부 및 수유부는 섭취에 주의
-특정질환(알레르기 체질 등)이 있는 분은 섭취에 주의
-이상사례 발생 시 섭취를 중단하고 전문가와 상담할 것",1,배초향 추출물(Agatri)(제2020-5호),20200728,1,"(국문) 자외선에 의한 피부손상으로부터 피부건강을 유지하는데 도움을 줄 수 있음
(영문) May help to maintain skin health from skin damage by UV radiation",배초향 추출물(Agatri)(제2020-5호)
"Paeoniflorin(작약추출물), 1-O-acetylbritannilactone(구아선복화추출물)",20201029,mg/일,"-영·유아, 어린이, 임산부 및 수유부는 섭취에 주의
-특정질환(알레르기 체질 등)이 있는 분은 섭취에 주의
-이상사례 발생 시 섭취를 중단하고 전문가와 상담할 것",700,작약추출물등복합물(HT074)(제2020-3호),20200728,700,"(국문) 위 점막을 보호하여 위 건강에 도움을 줄 수 있음
(영문) May help to maintain healthy stomach by protecting gastric mucosa",작약추출물등복합물(HT074)(제2020-3호)
"루테인(Lutein), 지아잔틴(Zeaxanthin)",20201029,mg/일,"-영·유아, 어린이, 임산부 및 수유부는 섭취에 주의
-과다 섭취 시 일시적으로 피부가 황색으로 변할 수 있음",24,루테인지아잔틴복합추출물(제2018-11호),20191226,12,"(국문) 노화로 인해 감소될 수 있는 황반색소밀도를 유지하여 눈건강에 도움을 줄 수 있음
(영문) May help the eye health by maintaining the density of macular pigments which can be decreased by aging",
총 폴리페놀,20201029,mg,사과에 알레르기가 있으신 분은 섭취 시 주의,600,풋사과추출물애플페논(제2015-9호),20191226,600,체지방 감소에 도움을 줄 수 있음(생리활성기능 2등급),
키토산 또는 키토올리고당,20210526,mg/일,게 또는 새우에 알레르기가 있는 사람은 섭취에 주의(게 또는 새우를 원재료로 사용한 경우에 한함),750,키토올리고당(제2018-10호),20191226,750,"(국문) 식후혈당 감소에 도움을 줄 수 있음
(영문) May help to maintain healthy blood glucose level",
핵산,20201029,mg/일,"-영·유아, 어린이, 임산부 및 수유부는 섭취에 주의
-질환이 있거나 의약품(면역억제제 등) 복용 시 전문가와 상담할 것
-이상사례 발생 시 섭취를 중단하고 전문가와 상담할 것",500,연어이리추출물(PRP연어핵산)(제2019-5호),20191226,500,"(국문) 관절 건강에 도움을 줄 수 있음
(영문) May help to maintain healthy joint",
진세노사이드 Rg1과 Rb1의 합,20201029,mg,"의약품(당뇨치료제, 혈액항응고제) 복용 시 섭취에 주의",25,인삼(제2019-2호),20191226,25,"(국문) 뼈 건강에 도움을 줄 수 있음
(영문) May help to maintain healthy bone",「건강기능식품의 기능성 원료 및 기준·규격 인정에 관한 규정」제10조제2항에 따라 「건강기능식품의 기준 및 규격」에 고시예정임
Fustin,20201029,g,"-영·유아 어린이, 임산부 및 수유부는 섭취에 주의 
-특이체질(옻 알레르기)을 나타내는 사람은 섭취에 주의",1,옻나무 추출분말(제2019-1호),20191226,1,"(국문) 갱년기 남성의 건강에 도움을 줄 수 있음
(영문) May help to climacteric mens health",
비텍신(Vitexin),20201029,mg,"-땅콩 알레르기가 있는 사람은 섭취에 주의
-영·유아, 어린이, 임산부 및 수유부는 섭취에 주의 
-특정질환(알레르기 체질 등)이 있는 분은 섭취에 주의
-이상사례 발생 시 섭취를 중단하고 전문가와 상담할 것",600,호로파종자추출물(Testofen)(제2019-15호),20191226,600,"(국문) 갱년기 남성 건강에 도움을 줄 수 있음
(영문) May help to climacteric mens health",
"루테인(Lutein), 지아잔틴(Zeaxanthin)",20201029,mg/일,"-영·유아, 어린이, 임산부 및 수유부는 섭취에 주의
-과다 섭취 시 일시적으로 피부가 황색으로 변할 수 있음",20,루테인지아잔틴복합추출물(제2019-16호),20191226,10,"(국문) 노화로 인해 감소될 수 있는 황반색소밀도를 유지하여 눈 건강에 도움을 줄 수 있음
(영문) May help the eye health by maintaining the density of macular pigments which can be decreased by aging",
"Chlorogenic acid, Eleutheroside E",20201029,g/일,"-영·유아, 어린이, 임산부 및 수유부는 섭취에 주의 
-특정질환(알레르기 체질, 간·신장 질환 환자 등)이 있는 분은 섭취에 주의
-이상사례 발생 시 섭취를 중단하고 전문가와 상담할 것",2,오가피열매추출물(제2019-11호),20191226,2,"(국문) 혈압조절에 도움을 줄 수 있음
(영문) May help to regulate blood pressure",
프로바이오틱스 수,20201029,CFU,"-질환이 있거나 의약품(면역억제제 등) 복용 시 전문가와 상담할 것
-알레르기 체질 등은 개인에 따라 과민반응을 나타낼 수 있음
-어린이가 함부로 섭취하지 않도록 일일섭취량 방법을 지도할 것
-이상사례 발생 시 섭취를 중단하고 전문가와 상담할 것",10000000000,Lactobacillus복합물HY7601+KY1032(제2019-4호),20191226,10000000000,"(국문) 체지방 감소에 도움을 줄 수 있음
(영문) May help to reduce body fat",
라폰티신(Rhaponticin),20201029,mg/일,"-영·유아, 어린이, 임산부 및 수유부는 섭취에 주의
-에스트로겐 호르몬에 민감한 사람은 섭취에 주의
-메스꺼움 등 소화계통의 불편함과 설사를 유발 할 수 있음
-알레르기 체질이거나 특정질환이 있는 사람은 섭취 전 전문가와 상담할 것
-이상사례 발생 시 섭취를 중단하고 전문가와 상담할 것",4,루바브뿌리 추출물(제2019-6호),20191226,4,"(국문) 갱년기 여성 건강에 도움을 줄 수 있음
(영문) May help to menopausal womens health",
Glabridin,20201029,mg/일,"-영・유아, 어린이, 임산부 및 수유부는 섭취에 주의
-특정 질환(알레르기 체질 등)이 있는 분은 섭취에 주의
-이상사례 발생 시 섭취를 중단하고 전문가와 상담할 것",150,스페인감초추출물(제2019-7호),20191226,150,"(국문) 위 점막 내 헬리코박터균(Helicobacter pylori) 증식을 억제하고 위 점막을 보호하여 위 건강에 도움을 줄 수 있음
(영문) May help to stomach health by protecting gastric mucosa and inhibiting proliferation of Helicobacter pylori in gastric mucosa.",
"Protocatechuic acid(상황버섯추출물), Tanshinone IIA(단삼추출물)",20201029,mg,"-영·유아, 어린이, 임산부 및 수유부는 섭취에 주의 
-의약품(항응고제)과 복용 시 섭취에 주의
-특정질환(알레르기 체질 등)이 있는 분은 섭취에 주의
-이상사례 발생 시 섭취를 중단하고 전문가와 상담할 것",900,상황버섯등 추출복합물(제2019-8호),20191226,900,"(국문) 혈관이완을 통한 혈행개선에 도움을 줄 수 있음
(영문) May help to blood flow improvement by vaso-relaxative action",
푸코스테롤(Fucosterol),20201029,mg/일,"-영·유아, 어린이, 임산부 및 수유부는 섭취에 주의
-특정 질환(알레르기 체질 등)이 있는 분은 섭취에 주의
-과다섭취시 미약한 설사, 구토, 배변량 증가, 배변빈도 증가, 복부팽만, 두통 등의 부작용을 일으킬 수 있음
-이상사례 발생 시 섭취를 중단하고 전문가와 상담할 것",1000,우뭇가사리추출물(제2019-9호),20191226,1000,"(국문) 체지방 감소에 도움을 줄 수 있음
(영문) May help to reduce body fat",
총 안토시아노사이드(Anthocyanosides),20201029,mg/일,,240,빌베리 추출물(제2019-10호),20191226,160,"(국문) 눈의 피로 개선에 도움을 줄 수 있음
(영문) May help to improve eye fatigue",
Gly-Pro-Val-Gly-Pro-Ser,20201008,mg/일,"-영·유아, 어린이, 임산부 및 수유부는 섭취에 주의
-특정질환(알레르기 체질 등)이 있는 분은 섭취에 주의
-이상사례 발생 시 섭취를 중단하고 전문가와 상담할 것",3270,피쉬 콜라겐펩타이드(제2019-12호),20191226,3270,"(국문)
 -자외선에 의한 피부손상으로부터 피부건강을 유지하는데 도움을 줄 수 있음
 -피부보습에 도움을 줄 수 있음
(영문)
  -May help to maintain skin health from skin damage by UV radiation
  -May help to maintain skin moisturizing",[19.10.22]기능성내용변경
하이드란제놀(Hydrangenol),20200728,mg/일,"-영·유아, 어린이, 임산부 및 수유부는 섭취에 주의
-특정 질환(알레르기 체질 등)이 있는 분은 섭취에 주의
-이상사례 발생 시 섭취를 중단하고 전문가와 상담할 것",600,수국잎열수추출물(제2020-8호),20200728,300,"- (국문) 자외선에 의한 피부손상으로부터 피부건강 유지에 도움을 줄 수 있음
   (영문) May help to maintain skin health from skin damage by UV radiation",수국잎열수추출물(제2020-8호)
루틴(Rutin),20201029,g/일,"-영·유아, 어린이, 임산부 및 수유부는 섭취에 주의
-국화과에 알레르기를 나타내는 사람은 섭취에 주의
-이상사례 발생 시 섭취를 중단하고 전문가와 상담할 것",2,쑥부쟁이추출분말(제2019-13호),20191226,2,"(국문) 면역과민반응에 의한 코상태 개선에 도움을 줄 수 있음
(영문) May help to improve nasal condition caused by hypersensitivity reaction",
Secoxyloganin,20201029,mg/일,"-영·유아, 어린이, 임산부 및 수유부는 섭취에 주의
-특정질환(알레르기 체질 등)이 있는 분은 섭취에 주의
-이상사례 발생 시 섭취를 중단하고 전문가와 상담할 것",250,인동덩굴꽃봉오리추출물(그린세라-F)(제2019-14호),20191226,250,"(국문) 위 점막을 보호하여 위 건강에 도움을 줄 수 있음
(영문) May help to maintain healthy stomach by protecting gastric mucosa",
Luteolin-7-O-diglucuronide,20201008,mg/일,"-영·유아, 어린이, 임산부 및 수유부는 섭취에 주의
-특정질환(알레르기 체질 등)이 있는 분은 섭취에 주의
-이상사례 발생 시 섭취를 중단하고 전문가와 상담할 것",500,차즈기추출물(제2019-17호),20191226,500,"(국문)  눈의 피로도 개선에 도움을 줄 수 있음
(영문) May help to improve eye fatigue",
,20080626,mg,,12,아연,20080626,2.55,①정상적인 면역기능에 필요②정상적인 세포분열에 필요,
,20200820,mg,,7,구리,20080626,0.24,①철의 운반과 이용에 필요②유해산소로부터 세포를 보호하는데 필요,
,20200521,mg,,0.135,셀레늄(또는 셀렌),20080626,0.0165,①유해산소로부터 세포를 보호하는데 필요,
,20080626,mg,,0.15,요오드,20080626,0.045,①갑상선 호르몬의 합성에 필요②에너지 생성에 필요③신경발달에 필요,
,20080626,mg,,3.5,망간,20080626,0.9,①뼈 형성에 필요②에너지 이용에 필요③유해산소로부터 세포를 보호하는데 필요,
,20200820,mg,,0.23,몰리브덴,20080626,0.0075,-산화·환원 효소의 활성에 필요,
,20080626,mg,,3700,칼륨,20080626,1050,①체내 물과 전해질 균형에 필요,
,20180709,mg,,9,크롬,20080626,0.009,,
,20200820,mg,반드시 충분한 물과 함께 섭취할 것 (액상제외),999999999,식이섬유,20080626,5000,①식이섬유 보충,
,20080626,mg,특정 단백질에 알레르기를 나타내는 경우에는 섭취 주의,999999999,단백질,20080626,12000,"①근육, 결합조직 등 신체조직의 구성성분②효소, 호르몬, 항체의 구성에 필요③체내 필수 영양성분이나 활성물질의 운반과 저장에 필요④체액, 산-염기의 균형 유지에 필요⑤에너지, 포도당, 지질의 합성에 필요",
,20200820,mg,,999999999,필수 지방산,20080626,600,①필수지방산의 보충,"리놀레산 4.0g 이상, 리놀렌산 0.6g 이상"
진세노사이드 Rg1과 Rb1의 합,20200529,mg,"의약품(당뇨치료제, 혈액항응고제) 복용 시 섭취에 주의",80,인삼,20080626,3,①면역력 증진·피로개선에 도움을 줄 수 있음,진세노사이드 Rg1과 Rb1의 합계로서 0.8 mg/g 이상 함유
"진세노사이드 Rg1, Rb1 및 Rg3 의 합",20170221,mg,"의약품(당뇨치료제, 혈액항응고제) 복용 시 섭취에 주의",80,홍삼,20080626,2.4,①면역력 증진·피로개선·혈소판 응집억제를 통한 혈액흐름·기억력 개선·항산화·갱년기 여성의 건강에 도움을 줄 수 있음,"면역력증진·피로개선:진세노사이드Rg1,Rb1및Rg3의합계로서3～80mg,혈소판응집억제를 통한 혈액흐름·기억력 개선·항산화:진세노사이드Rg1,Rb1및Rg3의합계로서2.4～80mg,갱년기여성의 건강:진세노사이드Rg1,Rb1및Rg3의합계로서25∼80mg"
안트라퀴논계화합물(무수바바로인으로서),20200820,mg,"(가) 어린이, 임산부 및 수유부는 섭취를 피할 것
(나) 위·신장·간질환이 있거나 의약품 복용 시 전문가와 상담할 것
(다) 이상사례 발생 시 섭취를 중단하고 전문가와 상담할 것",30,알로에 전잎,20080626,20,①배변활동 원활에 도움을 줄 수 있음,
총플라보노이드,20200521,mg,프로폴리스에 알레르기를 나타내는 사람은 섭취에 주의,17,프로폴리스추출물,20080626,16,①항산화·구강에서의 항균작용에 도움을 줄 수 있음,"구강에서의 항균작용은 구강에 직접 접촉할 수 있는 형태(스프레이 또는 팅크제, 씹어먹는 연질캡슐)에 한하며, 섭취량을 적용하지 않음"
인지질(아세톤불용물로서),20200820,g,대두나 난황에 알레르기를 나타내는 사람은 섭취에 주의,18,레시틴,20080626,1.2,혈중 콜레스테롤 개선에 도움을 줄 수 있음,
식물스테롤,20170221,g,베타-카로틴(β-carotene)의 흡수를 저해할 수 있음,3,식물스테롤/식물스테롤에스테르,20080626,0.8,①혈중 콜레스테롤 개선에 도움을 줄 수 있음,"식물스테롤로서 0.8～3 g(식물스테롤을 원료로 사용한 경우), 식물스테롤에스테르로서 1.28~4.8 g(식물스테롤에스테르를 원료로 사용한 경우)"
알콕시글리세롤,20200529,g,,2.7,알콕시글리세롤 함유 상어간유,20080626,0.6,①면역력 증진에 도움을 줄 수 있음,최종제품 중 비타민 A 및 D의 함량이 제 3. 1. 1-1 비타민 A 및 1-3 비타민 D 일일 섭취량의 최대함량을 넘지 않도록 하여야 함(비타민 A 및 D의 함량이 반드시 표시되어야 함)
옥타코사놀,20080626,mg,,40,옥타코사놀 함유 유지,20080626,7,①지구력 증진에 도움을 줄 수 있음,
구연산,20170221,g,,1.3,매실추출물,20080626,1,①피로 개선에 도움을 줄 수 있음,
글루코사민 황산염 또는 염산염,20200820,g,"(가) 임산부 및 수유부는 섭취를 피할 것
(나) 간·심장질환, 수술 전후, 고혈압, 당뇨 및 천식이 있거나 의약품(항응고제 등) 복용 시 전문가와 상담할 것
(다) 게 또는 새우에 알레르기가 있는 사람은 섭취에 주의할 것(게 또는 새우를 원재료로 사용한 경우)
(라) 이상사례 발생 시 섭취를 중단하고 전문가와 상담할 것",1.5,글루코사민,20080626,1.5,①관절 및 연골 건강에 도움을 줄 수 있음,
뮤코다당·단백,20200521,g,,1.5,뮤코다당.단백,20080626,1.2,관절 및 연골건강에 도움을 줄 수 있음,
EPA와 DHA의 합,20210329,g,"(가) 의약품(항응고제, 항혈소판제, 혈압강하제 등) 복용 시 전문가와 상담할 것
(나) 개인에 따라 피부 관련 이상반응이 발생할 수 있음
(다) 이상사례 발생 시 섭취를 중단하고 전문가와 상담할 것",2.24,EPA 및 DHA 함유 유지,20151102,0.5,혈중 중성지질 개선·혈행 개선·기억력 개선·건조한 눈을 개선하여 눈 건강에 도움을 줄 수 있음,(가)혈중 중성지질 개선･혈행 개선에 도움을 줄 수 있음: 0.5~2g (나)기억력 개선에 도움을 줄 수 있음: 0.9~2g (다)건조한 눈을 개선하여 눈 건강에 도움을 줄 수 있음: 0.6~2.24g
히알루론산,20200818,mg,,240,히알루론산,20160105,120,피부보습·자외선에 의한 피부손상으로부터 피부건강 유지에 도움을 줄 수 있음,"건기공전(제2019-91호, 기능성내용 변경)"
N-아세틸글루코사민,20200521,g,게 또는 새우에 알레르기가 있는 사람은 섭취에 주의(게 또는 새우를 원재료로 사용한 경우에 한함),1,"NAG(엔에이지, N-아세틸글루코사민, N-Acetylglucosamine)",20170222,0.5,①관절 및 연골 건강·피부보습에 도움을 줄 수 있음,"관절 및 연골건강에 도움을 줄 수 있음 : N-아세틸글루코사민으로서 0.5～1 g, 피부보습에 도움을 줄 수 있음 : N-아세틸글루코사민으로서 1 g"
폴리감마글루탐산,20200521,mg,,70,폴리감마글루탐산,20170222,60,①체내 칼슘흡수 촉진에 도움을 줄 수 있음,
총 안토시아노사이드(Anthocyanosides),20210303,mg,,240,빌베리 추출물,20170222,160,①눈의 피로 개선에 도움을 줄 수 있음,빌베리 추출물로서 160~240 mg(안토시아노사이드로서 50~108 mg)
라피노스,20200820,g,섭취량 이상 섭취 시 설사를 유발할 수 있음,5,라피노스,20170222,3,"-장내 유익균의 증식과 유해균의 억제에 도움을 줄 수 있음
-배변활동을 원활히 하는데 도움을 줄 수 있음",
총 식이섬유,20200820,g,"(가) 어린이나 임산부, 수유부는 섭취를 주의해야 함
(나) 충분한 물과 함께 섭취해야 함
(다) 과다 섭취 시 미약한 설사, 구토, 배변량 증가, 배변빈도 증가, 복부 팽만, 두통 등의 부작용을 일으킬 수 있음",4,분말한천,20170222,1.6,①배변활동에 도움을 줄 수 있음,분말한천으로서 2～5 g(총 식이섬유로서 1.6～4.0 g)
크레아틴 모노하이드레이트,20200820,g,"(가) 신장에 영향을 미치는 약물을 복용하거나 신장 이상의 위험이 있는 사람은 의사와 상담 후에 섭취하여야 함
(나) 어린이, 임산부, 수유부는 섭취를 삼가
(다) 카페인은 크레아틴의 기능을 감소시킬 수 있음
(라) 크레아틴의 섭취는 탈수를 동반할 수 있으므로 충분한 물과 함께 섭취하여야 함
(마) 과다 섭취하지 말 것",3.01,크레아틴,20170222,2.99,①근력 운동 시에 운동수행능력 향상에 도움을 줄 수 있음,
알파에스1카제인(αS1-casein)(f91-100),20200820,mg,"(가) 임산부, 수유여성 및 어린이는 섭취에 주의
(나) 우유 및 유제품에 대하여 알레르기를 나타내는 사람은 섭취에 주의",4.1,유단백가수분해물,20170222,2.7,①스트레스로 인한 긴장 완화에 도움을 줄 수 있음,유단백가수분해물로서 150 mg(알파에스1카제인    (αS1-casein)(f91-100)으로서 2.7～4.1 mg)
베타글루칸(β-glucan),20170222,mg,,534.6,상황버섯추출물,20170222,287.1,①면역기능 개선에 도움을 줄 수 있음,상황버섯추출물로서 3.3 g(베타글루칸(β-glucan)으로서 287.1～534.6 mg)
all-trans-라이코펜,20200820,mg,"(가) 알레르기 체질이신 분은 개인에 따라 과민반응을 나타낼 수 있음
(나) 과량 섭취 시 피부색이 오렌지색으로 변할 수 있음
(다) 임산부, 수유 여성 및 어린이는 섭취에 주의",15,토마토추출물,20170222,5.7,①항산화에 도움을 줄 수 있음,
글루코실세라미드(Glucosylceramide),20200820,mg,임산부와 수유기 여성은 섭취를 피할 것,1.8,곤약감자추출물,20170222,1.2,①피부 보습에 도움을 줄 수 있음,
TMCA(Trimethoxy cinnamic acid),20201029,mg,"-과다섭취 시 구토, 설사, 메스꺼움 등의 위장관 장애가 나타날 수 있으며 위장장애가 있는 분은 섭취에 주의 
-임산부, 수유 여성, 어린이는 섭취에 주의",300,BT-11원지추출분말(제2009-12호),20191226,300,성인의 기억력 개선에 도움을 줄 수 있음(생리활성기능 2등급),
L-글루타민(기능성원료인정제2008-7호),20191226,mg,"①Methotrexate, anticonvulsants, lactulose의 효     과를 경감시킬 우려가 있음②MSG에 민감한 사람은 섭취를 주의해야 함③신장 및 간질환이 있는 환자는 섭취를 주의해야 함④임산부, 수유부는 의사의 처방 없이는 섭취를삼가야 함",5000,L-글루타민(제2008-7호),20191226,3000,과도한 운동 후 신체저항능력 향상에 도움,
SOD 활성,20201029,IU,밀 단백질에 알레르기를 나타내는 사람은 섭취에 주의,1000,PME-88 멜론 추출물(제2008-9호),20191226,500,"-산화스트레스로부터 인체를 보호하는데 도움을 줄 수 있습니다.
-혈관벽 두께(내중막 두께 : IMT) 증가 억제를 통한 혈행개선에 도움을 줄 수 있음
-자외선에 의한 피부홍반개선으로 피부건강에 도움을 줄 수 있음",
"프로시아니딘, 비타민C, 비타민E, 감마리놀렌산",20201029,mg,"-임산부, 수유부 및 어린이는 섭취를 피해야 함
-‘달맞이꽃종자유’에 과민증이 있는 사람을 섭취를 삼가야 함
-과량 섭취 시 위장장애 등의 부작용이 있을 수 있음
-기타 질병을 보유하고 있는 사람 및 수술 전후 환자는 섭취를 삼가야 하며 섭취 시 의사와 상담해야 함",1130,소나무껍질추출물등복합물(제2008-14호),20191226,1130,햇볕 또는 자외선에 의한 피부손상으로부터 피부 건강을 유지하는데 도움을 줄 수 있음(기타기능II),
가쯔오부시올리고펩타이드(기능성원료인정제2006-13호),20191226,g,"① 임산부, 수유부는 섭취를 삼가시기 바랍니다.② 어린이, 노인, 신부전이 있는 사람, 혈압약을 복용하시는 분이 섭취 시에는 의사와 상담하셔야 합니다.",1.5,가쯔오부시올리고펩타이드(제2006-13호),20191226,1.5,혈압이 걱정되시는 분에게 도움을 줄 수 있습니다.(기타기능II),
가쯔오부시올리고펩타이드(기능성원료인정제2006-16호),20191226,g,"① 임산부, 수유부는 섭취를 삼가시기 바랍니다.② 어린이, 노인, 신부전이 있는 사람, 혈압약을 복용하시는 분이 섭취 시에는 의사와 상담하셔야 합니다.",1.5,가쯔오부시올리고펩타이드(제2006-16호),20191226,1.5,혈압이 걱정되시는 분에게 도움을 줄 수 있습니다.(기타기능II),
"진세노사이드 Rb1(Ginsenoside Rb1), 스타키오스(Stachyose), 엘레우테로사이드 E(Eleutheroside E)",20201029,mg,,800,전칠삼추출물 등 복합물(제2010-47호),20191226,800,관절건강에 도움을 줄 수 있음 (기타기능II),
로즈마린산(Rosmarinic acid),20210316,-,,,소엽추출물(제2010-48호),20191226,,면역 과민반응 개선에 도움을 줄 수 있으나 인체에서의 확인이 필요함(기타기능III),소엽추출물(제2010-48호)
L-카르니틴(L-carnitine),20201029,g,,2,L-카르니틴 타르트레이트(제2010-50호),20191226,2,체지방 감소에 도움을 줄 수 있음 (기타기능 Ⅱ),
"아르기닌(Arginine), 로이신(Leucine)",20201029,g,,4.5,서목태(쥐눈이콩)펩타이드(제2010-53호),20191226,4.5,"- 혈당 조절에 도움을 줄 수 있음 (생리활성기능 2등급)
- 혈압이 높은 사람에게 도움을 줄 수 있음 (생리활성기능 2등급)
- 체지방 감소에 도움을 줄 수 있음 (생리활성기능 2등급)",
히알루론산,20201029,mg/일,-,240,히알루론산(제2017-2호),20191226,240,"(국문) 자외선에 의한 피부손상으로부터 피부 건강 유지에 도움을 줄 수 있음(생리활성기능 2등급)
(영문) May help to maintain skin health from skin damage by UV radiation",
헤스페리딘(Hesperidin),20201029,mg/일,"-어린이, 임산부, 수유부는 섭취에 주의
-유당불내증이 있는 사람은 섭취에 주의",800,허니부쉬추출발효분말(제2017-3호),20191226,400,"(국문) 자외선에 의한 피부손상으로부터 피부 건강 유지에 도움을 줄 수 있음
(영문) May help to maintain skin health from skin damage by UV radiation",
Lactobacillus gasseri BNR17,20201029,CFU,산성도가 낮은 음료나 뜨거운 물과 함께 복용하는 것을 피하는 것이 좋음,10000000000,Lactobacillus gasseri BNR17(제2017-6호),20191226,10000000000,"(국문) 체지방 감소에 도움을 줄 수 있음(생리활성기능)
(영문) May help to reduce body fat",
"루테인(Lutein), 지아잔틴(Zeaxanthin)",20201029,mg/일,"-영·유아, 어린이, 임산부 및 수유부는 섭취에 주의
-과다 섭취 시 일시적으로 피부가 황색으로 변할 수 있음",20,루테인지아잔틴복합추출물(제2018-4호),20191226,10,"(국문) 노화로 인해 감소될 수 있는 황반색소밀도를 유지하여 눈 건강에 도움을 줄 수 있음
(영문) May help the eye health by maintaining the density of macular pigments which can be decreased by aging",
Ellagic acid,20201029,mg,임산부 및 수유 여성은 섭취에 주의,300,와일드 망고 종자추출물(IGOB131)(제2015-14호),20191226,300,"(국문) 체지방 감소에 도움을 줄 수 있음
(영문) May help to reduce body fat",
락토페린(Lactoferrin),20201029,mg,우유 알레르기를 나타내는 사람은 섭취 시 주의,40,유단백추출물(제2015-16호),20191226,40,"(국문) 뼈 건강에 도움을 줄 수 있음
(영문) May help to maintain healthy bone",
"Gastrodin , Salvianolic acid B,  Ellagic acid, Spicatoside A",20201029,g,임산부와 수유부는 섭취에 주의,1.1,천마 등 복합추출물(HX106)(제2015-17호),20191226,1.1,"(국문) 기억력 개선에 도움을 줄 수 있음 
(영문) May help to improve memory",
Glucosylceramide,20201029,mg,"-임신, 수유부는 섭취를 권하지 않음
-밀 알레르기를 나타내는 사람은 섭취에 주의",30,밀배유추출물(제2015-18호),20191226,30,"(국문) 피부 보습에 도움을 줄 수 있음
(영문) May help to maintain skin moisturizing",
L-아르기닌,20201029,g,"-임산부 및 수유부는 섭취에 주의
-저단백질 식사를 하고 있을 경우 또는 천식, 심장계 질환이 있을 경우 의사와 상의하여 섭취할 것을 권장",6,L-아르기닌(제2015-19호),20191226,6,혈관이완을 통해 혈행 개선에 도움을 줄 수 있음(생리활성기능 2등급),
프로바이오틱스수,20210316,CFU,알레르기 체질이거나 특정질환이 있는 분은 섭취 전 의사와 상담,10000000000,프로바이오틱스 HY7714(제2015-1호),20191226,10000000000,"-피부 보습에 도움을 줄 수 있음 (생리활성기능 2등급)
-자외선에 의한 피부손상으로부터 피부 건강 유지에 도움을 줄 수 있음(생리활성기능 2등급)","제2015-1호(2015.01.05.)·제2015-2호(2015.01.05.)를 건강기능식품 기능성원료 인정서 제2015-1호(2015.01.05.)로 통합, 제2015-2호(2015.01.05.) 반납"
"후코잔틴(Fucoxanthin), 푸닉산(Punicic acid)",20201029,mg,"-임산부-수유부는 섭취에 주의
-석류에 알레르기가 있는 사람은 섭취에 주의
-에스트로겐 호르몬에 민감한 사람은 섭취에 주의",600,미역 등 복합추출물(잔티젠)(제2013-10호),20191226,600,"(국문) 체지방 감소에 도움을 줄 수 있음
(영문) May help to reduce body fat",
"총식이섬유, Secoisolariciresinol diglycoside,
리놀렌산",20201029,g,"-혈액응고와 관련된 질병이 있거나 혈액응고저해제를 섭취하는 경우는 반드시 의사나 약사와 상담 후에 섭취하여야 합니다
-아마인의 섭취는 다른 약물의 흡수를 방해할 수 있으므로 약제를 섭취하는 경우에는 의사나 약사와 상담 후 섭취하여야 합니다",50,아마인(제2009-72호),20191226,50,콜레스테롤 감소에 도움을 줄 수 있음(기타기능 Ⅱ),
"(+)-Catechin, Quercetin",20201029,mg/일,"-영·유아, 어린이, 임산부 및 수유부는 섭취에 주의
-특정질환(알레르기 체질 등)이 있는 분은 섭취에 주의
-이상사례 발생 시 섭취를 중단하고 전문가와 상담할 것",600,포도블루베리추출혼합분말(Memophenol)(제2019-30호),20200217,600,"(국문)  기억력 개선에 도움을 줄 수 있음
(영문) May help to improve memory",
총 폴리페놀,20200715,mg,"-영·유아, 어린이, 임산부 및 수유부는 섭취에 주의
-특정 질환(알레르기 체질 등)이 있는 분은 섭취에 주의
-이상사례 발생 시 섭취를 중단하고 전문가와 상담할 것",600,풋사과추출물 애플페논(Applephenon)(제2020-9호),20200715,600,"(국문) 체지방 감소에 도움을 줄 수 있음
(영문) May help to reduce body fat",풋사과추출물 애플페논(Applephenon)(제2020-9호)
ρ-Coumaric acid,20210205,g/일,"- 영·유아, 임산부, 수유부는 섭취에 주의
- 강황 알레르기 체질이거나 특정질환(담낭질환 등)이 있는 분은 섭취에 주의
- 제안된 섭취량 이상 섭취 시 소화불량, 위장장애, 메스꺼움, 위산역류 등이 있을 수 있음",1,강황 추출물(터마신)(제2014-2호),20201029,1,관절건강에 도움을 줄 수 있음(생리활성기능 2등급),
귀리식이섬유,20200820,mg,반드시 충분한 물과 함께 섭취할 것 (액상제외),999999999,귀리식이섬유,20080922,800,①혈중 콜레스테롤 개선·식후 혈당상승 억제에 도움을 줄 수 있음,"혈중 콜레스테롤 개선에 도움을 줄 수 있음 : 귀리 식이섬유로서 3 g 이상, 식후 혈당상승 억제에 도움을 줄 수 있음 : 귀리식이섬유로서 0.8 g 이상"
난소화성말토덱스트린 식이섬유,20200820,g,반드시 충분한 물과 함께 섭취할 것 (액상제외),30,난소화성말토덱스트린,20080922,2.5,①식후 혈당상승 억제·혈중 중성지질 개선·배변활동 원활에 도움을 줄 수 있음,"식후 혈당상승억제:난소화성말토덱스트린식이섬유로서11.9～30g,혈중중성지질개선:난소화성말토덱스트린식이섬유로서12.7～30g,배변활동원활:난소화성말토덱스트린식이섬유로서2.5～30g"
대두식이섬유,20200820,g,"(가) 반드시 충분한 물과 함께 섭취할 것 (액상제외)
(나) 대두에 알레르기를 나타내는 사람은 섭취에 주의",60,대두식이섬유,20080922,10,①혈중 콜레스테롤 개선·식후 혈당상승 억제·배변활동 원활에 도움을 줄 수 있음,"혈중 콜레스테롤 개선·배변활동 원활에 도움을 줄 수 있음 : 대두 식이섬유로서 20～60 g, 식후 혈당상승 억제에 도움을 줄 수 있음 : 대두 식이섬유로서 10～60 g"
목이버섯식이섬유,20200820,g,반드시 충분한 물과 함께 섭취할 것 (액상제외),12.01,목이버섯식이섬유,20080922,11.99,①배변활동 원활에 도움을 줄 수 있음,
밀식이섬유,20200820,g,반드시 충분한 물과 함께 섭취할 것 (액상제외),36,밀식이섬유,20080922,6,①식후 혈당상승 억제·배변활동 원활에 도움을 줄 수 있음,"식후 혈당상승 억제에 도움을 줄 수 있음 : 밀 식이섬유로서 6～36 g, 배변활동 원활에 도움을 줄 수 있음 : 밀 식이섬유로서 36 g"
옥수수겨식이섬유,20200820,g,반드시 충분한 물과 함께 섭취할 것 (액상제외),10.1,옥수수겨식이섬유,20080922,9.99,①혈중 콜레스테롤 개선·식후 혈당상승 억제에 도움을 줄 수 있음,
폴리덱스트로스식이섬유,20200820,g,반드시 충분한 물과 함께 섭취할 것 (액상제외),12,폴리덱스트로스,20080922,4.5,①배변활동 원활에 도움을 줄 수 있음,
코엔자임Q10(CoenzymeQ10),20200521,mg,,100,코엔자임Q10,20110107,90,①항산화·높은 혈압 감소에 도움을 줄 수 있음,
로르산(Lauric acid),20200820,mg,"(가) 성인남성만 섭취할 것
(나) 수술 전후, 출혈성 질환이 있거나 항응고제 등 복용 시 전문가와 상담할 것
(다) 알레르기 체질 등은 개인에 따라 과민반응을 나타낼 수 있음
(라) 메스꺼움 등 소화계통의 불편함과 설사를 유발할 수 있으니 식사 후 섭취할 것
(마) 이상사례 발생 시 섭취를 중단하고 전문가와 상담할 것",115,쏘팔메토 열매 추출물,20110107,70,①전립선 건강의 유지에 도움을 줄 수 있음,
아스타잔틴(Astaxanthin),20200820,mg,"과다 섭취 시 일시적으로 피부가 황색으로 변할 수 있음
β-카로틴의 흡수를 저해할 수 있음",12,헤마토코쿠스 추출물,20110113,4,①눈의 피로도 개선에 도움을 줄 수 있음,
감마리놀렌산,20200820,mg,영·유아·어린이는 섭취 전 의사와 상담한 후 섭취할 것 (면역과민반응에 의한 피부상태 개선에 도움을 줄 수 있다는 기능성을 표시‧판매하는 경우에 한함),300,감마리놀렌산 함유 유지,20080922,160,-혈중 콜레스테롤 개선·혈행개선·월경전 변화에 의한 불편한 상태 개선·면역과민반응에 의한 피부상태 개선에 도움을 줄 수 있음,"혈중 콜레스테롤 개선·혈행개선:감마리놀렌산으로서 240∼300mg,월경전 변화에 의한 불편한 상태 개선210∼300mg,면역과민반응에 의한 피부상태 개선160∼300mg"
"Galactose와 Arabinose의 합, 진세노사이드 Rg1과 Rb1의 합, 인삼성분 확인",20201029,g,"-특이체질 또는 알레르기 체질인 경우에는 성분을 확인한 후 섭취
-의약품(당뇨치료제, 혈액항응고제) 복용 시 섭취에 주의",6,인삼다당체추출물(제2015-11호),20191226,6,면역기능 증진에 도움을 줄 수 있음(생리활성기능 2등급),
Cyanidin-3-glucosid,20201029,mg/일,"-영·유아, 어린이, 임산부 및 수유부는 섭취에 주의
-특정질환(알레르기 체질 등)이 있는 분은 섭취에 주의
-이상사례 발생 시 섭취를 중단하고 전문가와 상담할 것",1960,댕댕이나무열매추출분말(제2019-19호),20191226,1960,"(국문) 비알콜성 간 손상으로부터 간 건강에 도움을 줄 수 있음
(영문) May help to liver health by non-alcoholic liver injury",
"Naringin(자몽), Hesperidin(오렌지), Nagingin/Hesperidin 비율, Caffeine(과라나)",20201029,mg/일,"-영·유아, 어린이, 임산부 및 수유부는 섭취에 주의
-특정질환(알레르기 체질 등)이 있는 분은 섭취에 주의
-이상사례 발생 시 섭취를 중단하고 전문가와 상담할 것
-의약품(혈압강하제, 부정맥치료제, 고지혈증치료제, 항응고제 등)을 복용하시는 분은 섭취 전 의사와 상담
-카페인을 함유한 식품의 섭취에 주의할 것",900,자몽추출물등 복합물(Sinetrol)(제2019-24호),20191226,900,"(국문) 체지방 감소에 도움을 줄 수 있음
(영문) May help to reduce body fat",
Cyanidine,20201029,mg,"-영·유아, 어린이, 임산부 및 수유부는 섭취에 주의 
-이상사례 발생 시 섭취를 중단하고 전문가와 상담할 것 
-특정질환(알레르기 체질 등)은 섭취에 주의",800,포도과피 효소발효추출물(KL-GEFE)(제2019-27호),20191226,800,"(국문) 건조한 눈을 개선하여 눈 건강에 도움을 줄 수 있음
(영문) May help to maintain eye health as the improvement of dry eyes",
"Formononetin, Shanzhiside methyl ester, Eleutheroside E",20201029,g,"-임산부 및 수유부는 섭취를 피할 것
-특정원료에 알레르기가 있거나 장기간 또는 의약품 복용시 전문가와 상담할 것
-이상사례 발생 시 섭취를 중단하고 전문가와 상담할 것",1.5,황기추출물 등 복합물(HT042)(제2014-40호),20191226,1.5,"(국문) 어린이 키성장에 도움을 줄 수 있음
(영문) May help to children grow taller",
"Polyphenol derivatives(피로갈롤: pyrogallol), 대두이소플라본 배당체(다이드진, 제니스틴, 글리시틴)의 합",20201029,mg,"-영유아, 어린이, 임산부와 수유부는 섭취에 주의
-호박씨, 대두에 알레르기를 나타내는 사람은 섭취에 주의
-에스트로겐 호르몬에 민감한 사람은 섭취에 주의",1000,호박씨추출물 등 복합물(제2014-43호),20191226,600,방광의 배뇨기능 개선에 도움을 줄 수 있음(생리활성기능 2등급),
데커신 (Decursin),20210218,mg,"-소화불량, 속쓰림 등이 나타날 수 있습니다. 
-혈액응고방지제 또는 혈당강하제를 복용하시는 분은 의사의 상담 하에 사용하여 주십시오.",800,참당귀 추출분말(Nutragen)(제2014-44호),20191226,800,"(국문) 노화로 저하된 인지기능 개선에 도움을 줄 수 있음
         관절건강에 도움을 줄 수 있음
(영문) May help to improve cognitive function     
          degraded by aging
          May help to maintain healthy joint",
L-arabinose,20201029,g,"-과도한 설탕의 섭취는 건강에 해로울 수 있음
-본 원료를 과량으로 섭취하면 설사를 유발할 수 있음
-당뇨병 치료를 받으시는 분은 의사와 상담 후 본 원료를 섭취할 것을 권장함",6,L-arabinose(제2014-45호),20191226,6,설탕 소화흡수를 완만하게 하여 혈당조절에 도움을 줄 수 있음(생리활성기능 2등급),
Quercetin,20201029,g,,1.5,비파엽추출물(제2014-46호),20191226,1.5,기억력 개선에 도움을 줄 수 있음 (생리활성기능 2등급),
피니톨,20201029,mg/일,"-피니톨은 당뇨병의 치료 및 예방에 사용될 수 없으므로 당뇨병
치료가 필요한 경우에는 의사와 상담이 필요함
-영·유아, 어린이, 임산부 및 수유부는 섭취에 주의
-특정질환(알레르기 체질 등)이 있는 분은 섭취에 주의
-이상사례 발생 시 섭취를 중단하고 전문가와 상담할 것",300,피니톨(제2005-15호),20191226,300,"(국문) 간 건강에 도움을 줄 수 있음
(영문) May help to liver health",3등급(혈당조절) 관련 내용 삭제
프로시아니딘,20201029,mg,"-임산부 및 수유부와 12세 이하의 어린이는 섭취를 피할 것
-수술 전후, 질환이 있거나 의약품 복용 시 전문가와 상담할 것
-식사 후 또는 식사와 함께 섭취할 것
-이상사례 발생 시 섭취를 중단하고 전문가와 상담할 것",200,피크노제놀-프랑스해안송껍질추출물(제2006-1호),20191226,50,"(국문)
-인체에 유해한 활성산소를 제거하는데 도움을 줄 수 있음
-혈액의 흐름을 방해할 수 있는 혈소판응집을 억제하는데 도움을 줄 수 있음
-갱년기 여성의 건강에 도움을 줄 수 있음
(영문)
-May help to remove reactive oxygen species which are harmful to human body
-May help to inhibit blood coagulatin of platelet which can disturb blood flow
-May help to climacteric women’s health",
이소말토올리고당(기능성원료인정제2006-2호),20191226,mg,①과량으로 섭취 시에는 설사를 유발할 수 있습니다.,12000,이소말토올리고당(제2006-2호),20191226,8000,장내유익균의 증식과 유해균의 억제에 도움을 줄 수 있음(기타기능II)배변활동을 원활히 하는데 도움을 줄 수 있음(기타기능II),
"바이칼린, 카테킨",20201029,mg,이상 사례 발생 시 섭취를 중단하고 전문가와 상담할 것,1100,황금등복합물(제2006-3호),20191226,1100,"(국문) 관절 건강에 도움을 줄 수 있음
(영문) May help to maintain healthy joint",
디에콜(Dieckol),20201029,mg/일,"-임산부, 수유부 및 12세 이하 어린이는 섭취 시 주의
-요오드 함량이 높은 식품(해조류, 어패류 등)과 병용 섭취 시 주의
-갑상선질환 등을 보유하고 있는 사람은 섭취 시 주의",420,곰피추출물(제2018-1호),20191226,420,"(국문) 간 건강에 도움을 줄 수 있음
(영문) May help to liver health",
총 안토시아노사이드(Anthocyanosides),20201029,mg/일,,240,빌베리 추출물(제2018-2호),20191226,160,"(국문) 눈의 피로 개선에 도움을 줄 수 있음
(영문) May help to improve eye fatigue",
유산균(L.plantarum CJLP133),20201029,CFU,,1000000000000,과채유래유산균(L.plantarum CJLP133)(제2013-11호),20191226,10000000000,면역과민반응에 의한 피부상태 개선에 도움을 줄 수 있음 (생리활성기능 2등급),
"Eleutheroside E(가시오가피), Stachyose(숙지황)",20201029,mg,"-영-유아, 임산부, 수유부는 섭취에 주의
-알레르기 체질이거나 특정질환이 있는 사람은 섭취에 주의",800,가시오가피숙지황복합추출물(제2013-14호),20191226,800,뼈건강에 도움을 줄 수 있음(생리활성기능 2등급),
Cordycepin,20201029,g,,1.5,동충하초 주정추출물(제2013-16호),20191226,1.5,면역기능 증진에 도움을 줄 수 있음(생리활성기능 2등급),
유산균(L.sakei Probio65),20210316,CFU,,1000000000000,Lactobacillus sakei Probio65(제2013-17호),20191226,10000000000,면역과민반응에 의한 피부상태 개선에 도움을 줄 수 있음 (생리활성기능 2등급),
Hyperoside,20201029,g,"-알레르기 반응을 보이는 사람의 경우 섭취전 성분 확인 필요함
-임산부, 수유부, 어린이의 섭취는 전문의와 상담 후 섭취를 권장함",5,로즈힙분말(제2013-18호),20191226,5,관절 및 연골 건강에 도움을 줄 수 있음(생리활성기능 2등급),
Gly-Pro-Hyp,20201029,mg,임산부와 수유부는 섭취에 주의하시기 바랍니다,1500,AP 콜라겐 효소분해 펩타이드(제2010-25호),20191226,1000,피부 보습에 도움을 줄 수 있음 (기타 기능 Ⅱ),
"총폴리페놀, 비타민C, 클로로겐산, 계피산",20201029,mg,"임산부와 수유부, 어린이는 섭취에 주의하시기 바랍니다",1350,피카오프레토 분말 등 복합물(제2010-28호),20191226,1350,"(국문) 과민반응에 의한 코 상태 개선에 도움을 줄 수 있음
(영문) May help to improve nose condition of  hypersensitivity reaction",
Ile-Trp(Isoleucine-Tryptophan),20201029,g,"-임산부, 수유부는 섭취를 삼가시기 바랍니다
-어린이, 노인, 신부전이 있는 사람, 혈압약을 복용하시는 분이 섭취 시에는 의사와 상담하셔야 합니다",2,연어 펩타이드(제2010-2호),20191226,2,혈압이 높은 사람에게 도움을 줄 수 있음 (기타기능II),
베타글루칸,20201029,g,,8,보리베타글루칸추출물(제2010-32호),20191226,3,혈중 콜레스테롤 개선에 도움을 줄 수 있음 (생리활성기능 2등급),
"나린진(Naringin), 아스트라갈린(Astragalin)",20201029,g,피부에 광과민성 반응이 나타나는 사람은 섭취에 주의,2.8,지각상엽 추출 혼합물(제2010-33호),20191226,2.8,혈당 조절에 도움을 줄 수 있음 (기타기능II),
총 안토시아노사이드(Total Anthocyanosides),20201029,mg,,500,크랜베리 추출물(제2011-39호),20191226,500,요로에 유해균 흡착 억제로 요로건강에 도움을 줄 수 있음(기타기능 II),
케르세틴(Quercetin),20201029,ml,,150,창녕양파추출액(제2010-38호),20191226,150,혈중 콜레스테롤 개선에 도움을 줄 수 있음 (기타기능 II),
총 안토시아노사이드(Total Anthocyanosides),20201029,mg,,500,크랜베리추출분말(제2010-39호),20191226,500,"(국문) 요로에 유해균 흡착 억제로 요로건강에 도움을 줄 수 있음
(영문) May help to urinary tract health by restraining  adhesion of pathogen to urinary tract",
엘라그산(Ellagic acid),20201029,ml,"-어린이, 임산부와 수유부는 섭취를 피하는 것이 좋습니다
-에스트로겐 호르몬에 민감한 사람은 섭취에 주의하시기 바랍니다",40,석류농축액(제2010-40호),20191226,40,갱년기 여성의 건강에 도움을 줄 수 있음(생리활성기능 2등급I),
Hyperoside,20201029,g,"-알레르기 반응을 보이는 사람의 경우 섭취전 성분 확인 필요함
-임산부, 수유부, 어린이의 섭취는 전문의와 상담 후 섭취를 권장함",5,로즈힙분말(제2013-1호),20191226,5,"(국문) 관절 및 연골 건강에 도움을 줄 수 있음
(영문) May help to maintain healthy joint and cartilage",
락토페린,20201029,mg,우유 및 유제품에 대하여 알레르기 나타내는 사람은 섭취에 주의,300,락토페린(우유정제단백질)(제2013-20호),20191226,300,체지방 감소에 도움을 줄 수 있음 (생리활성기능 2등급),
"루테인(Lutein), 지아잔틴(Zeaxanthin)",20210205,mg/일,"-임산부는 섭취 전 의사와 상담이 필요합니다.
-과다 섭취 시 일시적으로 피부가 황색으로 변할 수 있습니다.",20,루테인지아잔틴복합추출물20%(제2013-23호),20191226,10,"(국문) 노화로 인해 감소될 수 있는 황반색소밀도를 유지하여 눈건강에 도움을 줄 수 있음
(영문) May help the eye health by maintaining the density of macular pigments which can be decreased by aging",
Oleanonic acid,20201029,mg,"임산부, 수유부 및 어린이는 섭취에 주의",1050,매스틱 검(제2014-50호),20191226,1050,위 불편감 개선에 도움을 줄 수 있음(생리활성기능 2등급),
Chondroitin sulfate sodium,20201029,mg/일,"-영·유아, 어린이, 임산부 및 수유부는 섭취에 주의할 것
-이상사례 발생 시 섭취를 중단하고 전문가와 상담할 것
-특정질환(알레르기 체질 등)이 있는 분은 섭취에 주의할 것
-수술 전후 또는 항응고제, 항혈소판제, 비스테로이드계 항염증약 복용자는 섭취 전 전문의와 상담할 것
-천식이 있는 사람은 섭취 전 전문의와 상담할 것",1200,콘드로이친(제2020-1호),20200318,1200,"(국문) 관절 및 연골 건강에 도움을 줄 수 있음
(영문) May help maintain healthy joint",
알파에스1카제인(αS1-casein)(f91-100),20201029,mg/일,"-임산부, 수유여성 및 어린이는 섭취에 주의
-우유 및 유제품에 대하여 알레르기를 나타내는 사람은 섭취에 주의",300,유단백가수분해물(락티움)(제2020-2호),20200318,300,"(국문) 수면의 질 개선에 도움을 줄 수 있음
(영문) May help to improve sleep",
베타글루칸(β-glucan),20200723,mg/일,"-영·유아, 어린이, 임산부 및 수유부는 섭취에 주의
-특정질환(알레르기 체질 등)이 있는 분은 섭취에 주의
-이상사례 발생 시 섭취를 중단하고 전문가와 상담할 것",412,베타글루칸분말(제2020-10호),20200722,412,"-(국문) 면역기능 증진에 도움을 줄 수 있음
  (영문) May help to improve immune function",베타글루칸분말(제2020-10호)
카테킨,20200820,g,"(가) 어린이, 임산부 및 수유부는 섭취를 피할 것
(나) 간질환이 있거나 의약품 복용 시 전문가와 상담할 것
(다) 카페인이 함유되어 있어 초조감, 불면 등을 나타낼 수 있음
(라) 식사 후 섭취할 것
(마) 카페인을 함유한 식품의 섭취에 주의할 것
(바) 이상사례 발생 시 섭취를 중단하고 전문가와 상담할 것",1,녹차추출물,20080626,0.3,①항산화·체지방 감소·혈중 콜레스테롤 개선에 도움을 줄 수 있음,
코로솔산(Corosolic acid),20200820,mg,,1.3,바나바잎 추출물,20130102,0.45,①식후 혈당상승 억제에 도움을 줄 수 있음,
피브린용해효소활성,20201029,mg,"-대두에 알레르기를 나타내는 사람은 섭취에 주의
-임산부-수유부 섭취에 주의
-의약품(혈액항응고제) 복용 시 섭취에 주의
-수술 전-후 섭취에 주의",67,나토균배양분말(제2013-6호),20191226,44,혈행 개선에 도움을 줄 수 있음(생리활성기능 2등급),
리소스펌산(Lithospermic acid),20201029,mg,,2200,지초추출물(제2010-59호),20191226,2200,피부보습에 도움을 줄 수 있음(기타기능Ⅱ),
히드록시프로필메틸셀룰로오스,20201029,g,"-과량 복용 시 약한 완하 작용 및 변비 주의
-반드시 충분한 물과 함께 섭취할 것 (액상 제외)",8,히드록시프로필메틸셀룰로오스(제2014-12호),20191226,4,식후 혈당상승 억제에 도움을 줄 수 있음 (생리활성기능 2등급),
"엘레우테로사이드 E(Eleutheroside E), 리구스틸라이드(Ligustilide), 바이칼린(Baicalin)",20201029,g,,1.5,가시오갈피 등 복합추출물(제2011-28호),20191226,1.5,관절 건강에 도움을 줄 수 있음(기타기능Ⅱ),
1-deoxynojirimycin,20210205,g/일,-임산부.수유부는 섭취에 주의,6,상엽추출물(제2014-14호),20191226,6,식후혈당 상승 억제에 도움을 줄 수 있음(생리활성기능 2등급),
케르세틴(Quercetin),20201029,ml,,150,창녕양파추출액(제2016-11호),20191226,150,혈중 콜레스테롤 개선에 도움을 줄 수 있음(생리활성기능 2등급),
cycloalliin,20191226,g/일,,1.5,유산균발효마늘추출물(제2016-16호),20191226,1.5,간건강에 도움을 줄 수 있음(생리활성기능 2등급),
미리스트올레산(Myristoleic acid),20210205,mg/일,-임산부 및 수유부는 섭취 시 주의,1248,지방산복합물 FAC(Fatty Acid Complex)(제2012-16호),20191226,1248,"(국문) 관절 건강에 도움을 줄 수 있음
(영문) May help to maintain healthy joint",
베타글루칸,20201029,g,,8,보리베타글루칸추출물(제2009-73호),20191226,3,"(국문) 혈중 콜레스테롤 개선에 도움을 줄 수 있음
(영문) May help to improve blood cholesterol level",
정제오징어유(기능성원료인정제2009-76호),20191226,g,,2,정제오징어유(제2009-76호),20191226,0.5,혈행 개선에 도움을 줄 수 있음(기타기능II) ·혈중 중성지질 개선에 도움을 줄 수 있음 (기타기능II),
자일로올리고당,20201029,g,과량으로 섭취 시 설사를 유발할 수도 있습니다,7.5,자일로올리고당분말(제2009-80호),20191226,0.7,"장내 유익균 증식, 유해균 억제, 배변활동에 도움을 줄 수 있음(기타기능II)",
자일로올리고당(기능성원료인정제2009-81호),20191226,g,과량으로 섭취 시 설사를 유발할 수도 있습니다.,7.5,자일로올리고당(제2009-81호),20191226,0.7,"장내 유익균 증식, 유해균 억제, 배변활동에 도움을 줄 수 있음(기타기능II)",
프로안토시아니딘(Proanthocyanidin;PAC),20201029,mg,"-와파린, 쿠마딘 등 항응고제, 오메프라졸 등의 위산분비 억제제와 함께 섭취하지 마십시오
-제안된 섭취량 이상 과잉 복용할 경우 설사가 있을 수 있으므로, 정해진 섭취량을 준수하여 주십시오",1000,파크랜크랜베리추출분말(제2009-84호),20191226,500,요로의 유해균 흡착 억제로 요로건강에 도움을 줄 수 있음(기타기능II),
Alanine-Lysine-Tyrosine-Serine-Tyrosine,20201029,g,해조식 섭취에 주의해야 하는 분은 섭취를 삼가시기 바랍니다,1.6,해태올리고펩티드(NORI-PEPTIDE)(제2009-87호),20191226,1.6,혈압조절에 도움을 줄 수 있음(기타기능II),
Chlorogenic acid,20201029,g,"-어린이, 임산부 및 수유부는 섭취를 피할 것
-질환이 있거나 의약품 복용시 전문가와 상담할 것
-카페인을 함유한 식품의 섭취에 주의할 것
-이상사례 발생 시 섭취를 중단하고 전문가와 상담할 것",3,Green Mate Extract EFLA® 920(제2010-7호),20191226,3,체지방 감소에 도움을 줄 수 있습니다(기타기능II),
Chlorogenic acid,20201029,g,"-담관에 이상이 있는 분은 의사와 상의하신 후 섭취하시기 바랍니다
-알레르기 반응이 나타나는 경우에는 섭취를 중단하시기 바랍니다",1.92,아티초크 추출물(제2010-8호),20191226,1.92,담즙분비를 촉진하여 지방 소화에 도움을 줄 수 있음(생리활성기능 2등급),
총 안토시아노사이드(Total Anthocyanosides),20200206,mg,일일섭취량 준수하여 섭취,1000,파크랜 크랜베리 분말(제2014-34호),20191226,500,요로의 유해균 흡착 억제로 요로건강에 도움을 줄 수 있음(생리활성기능 2등급),파크랜크랜베리추출분말(기능성원료인정제2014-34호)
총 안토시아노사이드(Total Anthocyanosides),20201029,mg,일일섭취량 준수하여 섭취,1000,파크랜 크랜베리 분말(제2014-35호),20191226,500,요로의 유해균 흡착 억제로 요로건강에 도움을 줄 수 있음(생리활성기능 2등급),
콘드로이친 황산(chondroitin sulfate),20210316,mg/일,"- 임산부, 수유부는 섭취 시 의사와 상담
- 복용중인 의약품이 있는 분은 섭취 시 의사와 상담",40,닭가슴연골분말(UC-II)(제2014-39호),20191226,40,관절건강에 도움을 줄 수 있음(생리활성기능 2등급),
쉬잔드린(Schizandrin),20201029,mg/일,"-영·유아, 어린이, 임산부 및 수유부는 섭취에 주의
-수술 전-후 섭취에 주의
-식사조절, 운동을 병행하는 것이 바람직함",1582,오미자추출물(제2018-9호),20191226,1582,"(국문) 근력 개선에 도움을 줄 수 있음
(영문) Help to improve muscle strength",
"Ellagic acid(석류농축분말), Pinoresinol diglucoside(두충추출분말), Ecdysterone(우슬추출분말)",20201029,mg/일,"-영·유아, 어린이, 임산부 및 수유부는 섭취에 주의
-에스트로겐 호르몬에 민감한 사람은 섭취에 주의",1000,우슬 등 복합물(HL-Joint100)(제2018-13호),20191226,1000,"(국문) 관절 및 연골건강에 도움을 줄 수 있음
(영문) May help to maintain healthy joint and cartilage",우슬 등 복합물(HL-Joint100)
"Quercetin, isorhamnetin",20201029,mg/일,"-영·유아, 어린이, 임산부 및 수유부는 섭취에 주의
-의약품(혈당강하제) 복용 시 섭취에 주의",300,시서스추출물(제2018-14호),20191226,300,"(국문) 체지방 감소에 도움을 줄 수 있음(생리활성기능)
(영문) May help to reduce body fat",
Gly-Pro dipeptide,20201008,g/일,"-영·유아, 어린이, 임산부와 수유부는 섭취에 주의
-특정 질환(알레르기 체질 등)이 있는 분은 섭취에 주의
-이상사례 발생 시 섭취를 중단하고 전문가와 상담할 것",1.65,저분자콜라겐펩타이드NS(제2019-20호),20191226,1.65,"(국문)
 -자외선에 의한 피부손상으로부터 피부건강을 유지하는데  도움을 줄 수 있음 
 -피부보습에 도움을 줄 수 있음
(영문)
 -May help to maintain skin health from skin damage by UV radiation
 -May help to maintain skin moisturizing",
총 폴리페놀,20201029,mg,"-영·유아, 어린이, 임산부 및 수유부는 섭취에 주의
-특정 질환(알레르기 체질 등)이 있는 분은 섭취에 주의
-이상사례 발생 시 섭취를 중단하고 전문가와 상담할 것",600,풋사과추출물 애플페논(Applephenon)(제2019-21호),20191226,600,"(국문) 체지방 감소에 도움을 줄 수 있음
(영문) May help to reduce body fat",
"Carnosic acid와 carnosol의 합(로즈마리추출물), Naringin(자몽추출물)",20201029,mg/일,"-영·유아, 어린이, 임산부 및 수유부는 섭취에 주의
-특정질환(알레르기 체질 등)이 있는 분은 섭취에 주의
-이상사례 발생 시 섭취를 중단하고 전문가와 상담할 것
-의약품(혈압강하제, 부정맥치료제, 고지혈증치료제, 항응고제 등)을 복용하시는 분은 섭취 전 의사와 상담",250,로즈마리자몽추출복합물(제2019-25호),20191226,100,"(국문) 자외선에 의한 피부손상으로부터 피부건강을 유지하는데 도움을 줄 수 있음
(영문) May help to maintain skin health from skin damage by UV radiation",[20.2.27]일일섭취량 변경
엘라그산(Ellagic acid),20201029,g/일,"-영·유아, 어린이, 임산부와 수유부는 섭취에 주의
-에스트로겐 호르몬에 민감한 사람은 섭취에 주의",1,석류농축분말(제2018-8호),20191226,1,"(국문)
1. 피부 보습에 도움을 줄 수 있음 
2. 자외선에 의한 피부 손상으로부터 피부건강을 유지하는데 도움을 줄 수 있음 
(영문)
1. Help to maintain skin moisturizing
2. Help to maintain skin health from skin damage by UV radiation",
Ursolic acid,20201029,g/일,"영·유아, 어린이, 임산부 및 수유부는 섭취에 주의",2.7,깻잎추출물(PF501)(제2019-3호),20191226,2.7,"(국문) 체지방 감소에 도움을 줄 수 있음
(영문) May help to reduce body fat",
프로바이오틱스 수,20201008,CFU,"-질환이 있거나 의약품(면역억제제 등) 복용 시 전문가와 상담할 것
-알레르기 체질 등은 개인에 따라 과민반응을 나타낼 수 있음
-어린이가 함부로 섭취하지 않도록 일일섭취량 방법을 지도할 것
-이상사례 발생 시 섭취를 중단하고 전문가와 상담할 것",100000000,Lactobacillus acidophilus YT1(제2019-22호),20191226,100000000,(국문) 갱년기 여성 건강에 도움을 줄 수 있음 (영문) May help to menopausal womens health,
"프로바이오틱스 수, 락토페린",20201008,mg/일,"-영·유아, 어린이, 임산부 및 수유부는 섭취에 주의
-우유, 유제품 및 기타 제품에 대해 알레르기가 있는 사람은 섭취에 주의
-이상사례 발생 시 섭취를 중단하고 전문가와 상담할 것",124.35,리스펙타(Respecta®) 프로바이오틱스(제2019-26호),20191226,124.35,(국문) 질내 유익균 증식 및 유해균 억제에 도움을 줄 수 있음 (영문) May help to proliferate vaginal beneficial flora and to suppress pathogenic bacteria,일일섭취량 :  리스펙타(Respecta®)로서 124.35 mg/일(유산균으로서 5x109 CFU이상)
클로로겐산(Chlorogenic acid),20201029,mg/일,"-영·유아, 어린이, 임산부 및 수유부는 섭취에 주의
-카페인이 함유되어 있어 초조감, 불면 등을 나타낼 수 있음",500,그린커피빈주정추출물(제2018-6호),20191226,500,"(국문) 체지방 감소에 도움을 줄 수 있음
(영문) May help to reduce body fat",
감마-오리자놀(γ-Oryzanol),20201029,g/일,"-영·유아, 어린이, 임산부 및 수유부는 섭취에 주의
-의약품(항히스타민제 또는 중추신경계억제제)과 병용섭취 시 주의",1,미강주정추출물(제2018-3호),20191226,1,"(국문) 수면에 도움을 줄 수 있음
(영문) May help to sleep",
하이드란제놀(Hydrangenol),20200728,mg/일,"-영·유아, 어린이, 임산부 및 수유부는 섭취에 주의
-특정 질환(알레르기 체질 등)이 있는 분은 섭취에 주의
-이상사례 발생 시 섭취를 중단하고 전문가와 상담할 것",600,수국잎열수추출물(제2020-7호),20200728,300,"- (국문) 피부보습에 도움을 줄 수 있음
   (영문) May help to maintain skin moisturizing",수국잎열수추출물(제2020-7호)
"바릴티로신, 펩타이드",20201029,μg,"-고혈압치료제 등 복용 시 전문가와 상담할 것
-이상사례 발생 시 섭취를 중단하고 전문가와 상담할 것",400,정어리펩타이드 SP100N(제2004-1호),20191226,250,"(국문) 혈압을 조절하는데 도움을 줄 수 있음
(영문) May help to maintain healthy blood pressure",
자일리톨,20201029,g,이상사례 발생 시 섭취를 중단하고 전문가와 상담할 것,10,자일리톨(제2004-2호),20191226,5,"(국문) 충치발생 위험 감소에 도움을 줌
(영문) Can help to reduce risk of caries occurrence",
참당귀뿌리추출물(기능성원료인정제2004-6호),20191226,mg,"①소화불량, 속쓰림 등이 나타날 수 있습니다.②혈액응고방지제 또는 혈당강하제를 복용하시는 분은 의사의 상담 하에 사용하여 주십시오.",800.1,참당귀뿌리추출물(제2004-6호),20191226,799.9,노인의 인지능력저하 개선에 도움을 줄 수 있음(기타기능II),
포도종자추출물(기능성원료인정제2005-9호),20191226,mg,,300.01,포도종자추출물(제2005-9호),20191226,199.99,항산화능 증진에 도움을 줄 수 있음(기타기능II),
Phe-Phe-Val-Ala-Pro-Phe-Pro-Glu-Val-Phe-Gly-Lys,20201029,mg,"-임산부, 수유부는 섭취를 삼가시기 바랍니다
-어린이, 노인, 신부전이 있는 사람, 혈압약을 복용하시는 분이 섭취 시에는 의사와 상담하셔야 합니다",4000,카제인가수분해물(제2006-19호),20191226,4000,혈압이 걱정되시는 분에게 도움을 줄 수 있음(기타기능II),
Oleuropein,20201029,mg,"-위, 간 및 신장 질환이 있거나 고혈압치료제 등 복용 시
전문가와 상의 할 것
-이상사례 발생 시 섭취를 중단하고 전문가와 상담할 것",1000,올리브잎주정추출물 EFLA943(제2006-25호),20191226,500,"(국문) 혈압조절에 도움을 줄 수 있음
(영문) May help to maintain healthy blood pressure",
솔잎증류농축액(기능성원료인정제2007-8호),20191226,mg,"①기관지 천식, 해소 기침이나 기도에 심한 염증이 있는 사람은 사용을 금하시기 바랍니다.",1350.1,솔잎증류농축액(제2007-8호),20191226,1349.9,건강한 혈당유지에 도움,
"α-Glucosidase 활성 억제능(IC50)/Tris(2-Amino-2-(hydroxymethyl)-1,3-propanediol)",20201029,mg,,900,콩발효추출물(제2007-10호),20191226,900,당의 흡수를 억제하여 식후혈당을 건강하게 유지하는데 도움을 줄 수 있음(기타기능II),
Ombuoside,20201029,mg,"-과량 섭취 시 위장장애(구토와 위장운동 증가)가 발생할 수 있음
-아스피린, 혈액항응고제 복용 시 섭취에 주의",400,돌외잎추출물(제2015-7호),20191226,400,"(국문) 스트레스로 인한 긴장완화에 도움을 줄 수 있음
(영문) May help to relaxation of tension by stress",
"쉬잔드린(Schizandrin), 고미신 A(Gomisin A), 고미신 N(Gomisin N)",20210316,mg/일,,783,오미자추출물(제2016-21호),20191226,783,갱년기 여성 건강에 도움을 줄 수 있음(생리활성기능 2등급),
"rosmarinic acid(레몬밤), 1-Deoxynojirimycin(뽕나무잎), 6,7-Dimethylesculetin(인진쑥)",20201029,mg/일,"-알레르기 반응이 나타날 경우에는 섭취를 중단하시기 바랍니다
-섭취 후 진정작용이 나타날 수 있습니다
-어린이 및 임산부와 수유부 여성은 섭취에 주의하시기 바랍니다",1380,레몬 밤 추출물 혼합분말(제2010-24호),20191226,1380,체지방 감소에 도움을 줄 수 있음 (기타기능II),건강기능식품 기능성 원료 인정
"4-Hydroxy-L-isoleucine(호로파종자추출분말), D-pinitol(비수리추출분말)",20201029,mg/일,땅콩 알레르기가 있는 사람은 섭취에 주의,400,호로파종자 등 추출복합물(제2017-5호),20191226,400,"(국문) 남성의 갱년기 건강에 도움을 줄 수 있음
(영문) May help to climacteric mens health",
베타글루칸(β-glucan),20201029,g/일,"-영·유아, 어린이, 임산부 및 수유부는 섭취에 주의
-알레르기 체질이거나 특정질환이 있는 분은 섭취 전 의사와 상담",3,세리포리아 락세라타 균사체 배양물(제2018-5호),20191226,3,"(국문) 혈당조절에 도움을 줄 수 있음
(영문) May help to maintain healthy blood glucose leve",
